transaction_id,timestamp,customer_id,age,gender,location,product_id,product_category,quantity,price_per_item,total_price
txn_1,2025-07-11 16:49:03.237516,166,60,Male,Takoradi,45,Books,1,320.11,320.11
txn_2,2025-10-04 09:49:03.238800,153,49,Male,Accra,9,Home Goods,1,380.37,380.37
txn_3,2025-09-27 12:49:03.239994,20,65,Male,Takoradi,48,Clothing,1,201.58,201.58
txn_4,2025-09-30 02:49:03.240857,38,64,Male,Accra,2,Electronics,3,376.13,1128.3899999999999
txn_5,2025-03-20 22:49:03.241640,176,63,Female,Dodowa,13,Beauty,1,395.99,395.99
txn_6,2025-11-04 02:49:03.242548,4,66,Male,Takoradi,5,Clothing,2,294.39,588.78
txn_7,2025-09-05 21:49:03.243724,31,59,Male,Adenta,27,Home Goods,3,230.63,691.89
txn_8,2025-04-27 23:49:03.245043,60,50,Female,Dodowa,5,Clothing,2,294.39,588.78
txn_9,2025-11-07 12:49:03.246142,107,49,Female,Ho,15,Home Goods,4,184.33,737.32
txn_10,2025-04-12 14:49:03.248259,181,60,Female,Dodowa,33,Electronics,2,149.6,299.2
txn_11,2025-03-30 18:49:03.249318,176,63,Female,Dodowa,35,Books,2,81.65,163.3
txn_12,2025-05-26 08:49:03.250756,87,63,Female,Ho,13,Beauty,2,395.99,791.98
txn_13,2025-09-21 16:49:03.252700,111,66,Male,Kumasi,25,Books,1,39.74,39.74
txn_14,2025-12-19 09:49:03.255426,108,25,Female,Kumasi,21,Books,1,66.04,66.04
txn_15,2025-06-09 19:49:03.256590,160,36,Female,Adenta,21,Books,4,66.04,264.16
txn_16,2025-07-03 06:49:03.257454,158,59,Female,Accra,3,Beauty,2,489.21,978.42
txn_17,2026-01-14 05:49:03.258364,7,31,Male,Kumasi,11,Beauty,2,224.75,449.5
txn_18,2025-06-30 18:49:03.259194,86,29,Male,Adenta,12,Beauty,1,105.14,105.14
txn_19,2025-11-12 09:49:03.260281,177,26,Male,Adenta,1,Beauty,2,115.98,231.96
txn_20,2025-10-18 22:49:03.261132,7,31,Male,Kumasi,5,Clothing,2,294.39,588.78
txn_21,2025-04-29 16:49:03.264195,12,27,Male,Ho,20,Home Goods,2,252.42,504.84
txn_22,2026-01-16 16:49:03.265459,182,52,Male,Takoradi,47,Clothing,4,178.74,714.96
txn_23,2025-03-07 13:49:03.266559,151,69,Male,Accra,47,Clothing,1,178.74,178.74
txn_24,2025-04-18 12:49:03.268413,72,37,Male,Accra,35,Books,1,81.65,81.65
txn_25,2026-02-15 07:49:03.270351,130,41,Male,Adenta,42,Beauty,1,231.95,231.95
txn_26,2025-06-23 20:49:03.272035,166,60,Male,Takoradi,3,Beauty,3,489.21,1467.6299999999999
txn_27,2025-05-25 11:49:03.273335,57,24,Female,Kumasi,12,Beauty,3,105.14,315.42
txn_28,2025-03-16 11:49:03.274297,127,37,Male,Adenta,11,Beauty,4,224.75,899.0
txn_29,2025-05-20 09:49:03.275437,26,35,Male,Adenta,49,Electronics,4,313.28,1253.12
txn_30,2025-08-14 05:49:03.277973,150,49,Male,Kumasi,32,Books,1,412.68,412.68
txn_31,2025-05-27 02:49:03.279711,13,34,Male,Kumasi,25,Books,4,39.74,158.96
txn_32,2025-04-02 22:49:03.281382,125,62,Male,Kumasi,40,Clothing,4,347.3,1389.2
txn_33,2026-02-09 13:49:03.282231,199,19,Male,Kumasi,10,Clothing,2,336.36,672.72
txn_34,2025-10-10 09:49:03.283080,150,49,Male,Kumasi,22,Electronics,1,313.81,313.81
txn_35,2025-04-05 03:49:03.283644,20,65,Male,Takoradi,20,Home Goods,3,252.42,757.26
txn_36,2025-06-22 23:49:03.284203,34,54,Female,Accra,24,Home Goods,3,445.57,1336.71
txn_37,2026-01-26 04:49:03.285667,137,38,Male,Ho,16,Electronics,3,36.6,109.80000000000001
txn_38,2025-09-11 22:49:03.286909,165,54,Female,Dodowa,26,Home Goods,2,344.62,689.24
txn_39,2025-07-17 13:49:03.288039,119,20,Female,Ho,47,Clothing,4,178.74,714.96
txn_40,2025-10-12 01:49:03.288854,167,68,Female,Kumasi,41,Clothing,1,393.49,393.49
txn_41,2025-07-24 01:49:03.289889,53,37,Female,Accra,27,Home Goods,4,230.63,922.52
txn_42,2025-10-19 22:49:03.290785,94,44,Female,Ho,30,Books,3,472.56,1417.68
txn_43,2026-01-06 13:49:03.291307,100,31,Female,Ho,6,Clothing,3,488.01,1464.03
txn_44,2026-01-19 09:49:03.291855,98,60,Male,Adenta,4,Books,2,296.76,593.52
txn_45,2025-09-15 09:49:03.293436,126,61,Female,Accra,21,Books,3,66.04,198.12
txn_46,2025-04-05 09:49:03.294306,51,31,Female,Kumasi,36,Books,2,476.37,952.74
txn_47,2026-01-13 21:49:03.295156,129,49,Female,Takoradi,14,Clothing,2,276.26,552.52
txn_48,2025-09-30 01:49:03.295890,78,47,Male,Ho,29,Electronics,1,383.06,383.06
txn_49,2025-06-07 18:49:03.296983,183,35,Other,Ho,46,Books,2,104.3,208.6
txn_50,2025-12-07 00:49:03.298422,173,45,Female,Dodowa,6,Clothing,2,488.01,976.02
txn_51,2025-05-22 10:49:03.299335,187,54,Female,Accra,31,Books,1,29.12,29.12
txn_52,2025-08-03 12:49:03.300194,54,45,Male,Dodowa,42,Beauty,4,231.95,927.8
txn_53,2025-11-09 06:49:03.300733,82,46,Other,Adenta,43,Clothing,1,430.14,430.14
txn_54,2025-03-30 03:49:03.301365,45,63,Female,Accra,19,Electronics,1,134.58,134.58
txn_55,2025-09-09 20:49:03.302276,34,54,Female,Accra,30,Books,2,472.56,945.12
txn_56,2025-03-28 15:49:03.303276,88,51,Female,Ho,38,Books,4,470.0,1880.0
txn_57,2025-07-25 13:49:03.304215,118,32,Female,Ho,34,Beauty,1,342.95,342.95
txn_58,2025-04-07 16:49:03.304868,116,59,Male,Dodowa,38,Books,2,470.0,940.0
txn_59,2025-04-03 08:49:03.305594,6,59,Female,Accra,50,Beauty,2,486.67,973.34
txn_60,2025-08-13 20:49:03.306264,66,37,Female,Takoradi,45,Books,1,320.11,320.11
txn_61,2026-01-24 03:49:03.306859,90,50,Female,Ho,21,Books,4,66.04,264.16
txn_62,2025-02-27 06:49:03.307483,32,50,Female,Dodowa,30,Books,1,472.56,472.56
txn_63,2025-12-31 21:49:03.307986,157,44,Male,Dodowa,20,Home Goods,1,252.42,252.42
txn_64,2025-09-28 11:49:03.308453,156,23,Male,Dodowa,39,Books,4,219.08,876.32
txn_65,2025-03-30 18:49:03.308916,11,67,Male,Accra,30,Books,2,472.56,945.12
txn_66,2025-05-19 03:49:03.309509,62,52,Male,Ho,9,Home Goods,2,380.37,760.74
txn_67,2025-05-27 14:49:03.310607,189,35,Female,Accra,42,Beauty,1,231.95,231.95
txn_68,2025-04-26 15:49:03.311203,65,31,Male,Dodowa,9,Home Goods,2,380.37,760.74
txn_69,2025-12-30 21:49:03.311734,35,56,Female,Ho,20,Home Goods,1,252.42,252.42
txn_70,2025-04-23 06:49:03.312752,186,24,Male,Dodowa,21,Books,1,66.04,66.04
txn_71,2025-05-10 21:49:03.313304,139,18,Female,Dodowa,38,Books,2,470.0,940.0
txn_72,2025-12-12 03:49:03.313744,99,19,Male,Accra,12,Beauty,3,105.14,315.42
txn_73,2025-03-07 04:49:03.314174,197,48,Female,Adenta,29,Electronics,4,383.06,1532.24
txn_74,2025-04-21 01:49:03.314600,60,50,Female,Dodowa,49,Electronics,3,313.28,939.8399999999999
txn_75,2025-11-28 21:49:03.315197,9,18,Male,Accra,12,Beauty,1,105.14,105.14
txn_76,2025-06-10 18:49:03.315704,66,37,Female,Takoradi,5,Clothing,2,294.39,588.78
txn_77,2025-03-10 22:49:03.316188,149,27,Female,Takoradi,39,Books,3,219.08,657.24
txn_78,2025-11-20 08:49:03.316663,144,59,Male,Ho,8,Clothing,4,12.31,49.24
txn_79,2025-05-14 13:49:03.317385,132,18,Male,Takoradi,17,Beauty,2,450.27,900.54
txn_80,2025-08-29 05:49:03.318097,167,68,Female,Kumasi,27,Home Goods,3,230.63,691.89
txn_81,2025-10-14 07:49:03.318600,77,49,Male,Ho,29,Electronics,1,383.06,383.06
txn_82,2025-12-16 13:49:03.319099,92,27,Female,Kumasi,12,Beauty,4,105.14,420.56
txn_83,2025-03-16 19:49:03.319812,140,23,Male,Accra,23,Electronics,1,325.14,325.14
txn_84,2026-01-07 16:49:03.320497,150,49,Male,Kumasi,8,Clothing,1,12.31,12.31
txn_85,2025-04-02 08:49:03.320957,136,68,Male,Ho,2,Electronics,2,376.13,752.26
txn_86,2025-04-03 17:49:03.321384,25,36,Female,Kumasi,46,Books,1,104.3,104.3
txn_87,2025-10-13 21:49:03.321823,164,45,Male,Ho,6,Clothing,4,488.01,1952.04
txn_88,2025-08-15 16:49:03.322262,104,50,Female,Ho,43,Clothing,4,430.14,1720.56
txn_89,2025-05-29 23:49:03.322895,119,20,Female,Ho,23,Electronics,1,325.14,325.14
txn_90,2025-04-12 20:49:03.323391,199,19,Male,Kumasi,11,Beauty,4,224.75,899.0
txn_91,2025-02-22 21:49:03.323877,8,59,Female,Accra,42,Beauty,1,231.95,231.95
txn_92,2026-02-18 04:49:03.324371,156,23,Male,Dodowa,47,Clothing,2,178.74,357.48
txn_93,2025-06-04 09:49:03.324858,74,69,Male,Adenta,37,Electronics,1,475.47,475.47
txn_94,2025-12-18 05:49:03.325345,195,42,Male,Kumasi,28,Books,3,131.09,393.27
txn_95,2025-02-28 15:49:03.325853,200,46,Female,Takoradi,29,Electronics,2,383.06,766.12
txn_96,2025-06-12 14:49:03.326602,64,65,Female,Accra,16,Electronics,4,36.6,146.4
txn_97,2025-11-27 02:49:03.327378,23,53,Female,Adenta,42,Beauty,3,231.95,695.8499999999999
txn_98,2025-02-28 18:49:03.328319,10,61,Female,Adenta,33,Electronics,4,149.6,598.4
txn_99,2025-10-28 01:49:03.328917,21,34,Female,Takoradi,29,Electronics,3,383.06,1149.18
txn_100,2025-09-13 03:49:03.329423,154,42,Female,Accra,44,Books,1,137.03,137.03
txn_101,2025-09-28 07:49:03.329977,117,48,Male,Kumasi,28,Books,4,131.09,524.36
txn_102,2025-11-03 19:49:03.330582,132,18,Male,Takoradi,3,Beauty,4,489.21,1956.84
txn_103,2025-06-06 20:49:03.331093,180,55,Male,Kumasi,33,Electronics,3,149.6,448.79999999999995
txn_104,2025-11-28 16:49:03.331546,1,31,Female,Accra,47,Clothing,2,178.74,357.48
txn_105,2026-01-09 16:49:03.331995,111,66,Male,Kumasi,31,Books,2,29.12,58.24
txn_106,2025-03-23 20:49:03.332444,10,61,Female,Adenta,33,Electronics,2,149.6,299.2
txn_107,2025-08-05 22:49:03.332898,116,59,Male,Dodowa,46,Books,4,104.3,417.2
txn_108,2025-05-16 17:49:03.333352,178,44,Female,Dodowa,46,Books,3,104.3,312.9
txn_109,2025-10-25 09:49:03.333805,101,50,Male,Dodowa,21,Books,2,66.04,132.08
txn_110,2025-05-09 20:49:03.334288,45,63,Female,Accra,11,Beauty,1,224.75,224.75
txn_111,2025-02-25 21:49:03.335021,113,41,Female,Accra,17,Beauty,4,450.27,1801.08
txn_112,2025-02-27 19:49:03.335802,198,44,Male,Adenta,45,Books,2,320.11,640.22
txn_113,2026-01-27 05:49:03.336626,17,28,Male,Accra,30,Books,4,472.56,1890.24
txn_114,2025-03-07 14:49:03.337147,94,44,Female,Ho,16,Electronics,1,36.6,36.6
txn_115,2025-04-08 09:49:03.337805,84,41,Male,Dodowa,7,Beauty,3,69.65,208.95000000000002
txn_116,2025-10-31 14:49:03.338328,162,62,Male,Ho,12,Beauty,2,105.14,210.28
txn_117,2025-03-18 06:49:03.338853,200,46,Female,Takoradi,40,Clothing,1,347.3,347.3
txn_118,2025-12-24 02:49:03.339372,170,58,Male,Kumasi,24,Home Goods,1,445.57,445.57
txn_119,2025-09-05 17:49:03.339887,85,48,Other,Kumasi,37,Electronics,4,475.47,1901.88
txn_120,2025-09-21 02:49:03.340395,90,50,Female,Ho,37,Electronics,4,475.47,1901.88
txn_121,2025-12-05 02:49:03.340859,70,66,Male,Accra,31,Books,2,29.12,58.24
txn_122,2025-12-10 17:49:03.341323,46,30,Male,Adenta,31,Books,4,29.12,116.48
txn_123,2026-01-19 12:49:03.341785,126,61,Female,Accra,7,Beauty,3,69.65,208.95000000000002
txn_124,2025-12-08 05:49:03.342248,157,44,Male,Dodowa,3,Beauty,3,489.21,1467.6299999999999
txn_125,2025-02-22 22:49:03.342813,32,50,Female,Dodowa,38,Books,3,470.0,1410.0
txn_126,2025-11-30 21:49:03.344077,162,62,Male,Ho,2,Electronics,4,376.13,1504.52
txn_127,2025-09-06 04:49:03.345527,112,30,Female,Takoradi,2,Electronics,2,376.13,752.26
txn_128,2025-07-03 21:49:03.346415,113,41,Female,Accra,1,Beauty,1,115.98,115.98
txn_129,2025-12-17 17:49:03.347186,130,41,Male,Adenta,29,Electronics,2,383.06,766.12
txn_130,2025-06-19 18:49:03.347911,109,66,Male,Takoradi,2,Electronics,2,376.13,752.26
txn_131,2025-08-24 17:49:03.348595,190,63,Other,Ho,39,Books,1,219.08,219.08
txn_132,2025-04-11 14:49:03.349446,12,27,Male,Ho,36,Books,1,476.37,476.37
txn_133,2025-03-02 23:49:03.350576,151,69,Male,Accra,40,Clothing,2,347.3,694.6
txn_134,2025-02-22 01:49:03.352019,74,69,Male,Adenta,26,Home Goods,2,344.62,689.24
txn_135,2025-07-06 16:49:03.353664,34,54,Female,Accra,5,Clothing,4,294.39,1177.56
txn_136,2025-09-08 05:49:03.354637,174,29,Male,Accra,14,Clothing,1,276.26,276.26
txn_137,2025-04-05 17:49:03.355426,119,20,Female,Ho,10,Clothing,2,336.36,672.72
txn_138,2025-11-19 08:49:03.356186,94,44,Female,Ho,22,Electronics,1,313.81,313.81
txn_139,2025-09-07 01:49:03.356963,63,64,Female,Adenta,34,Beauty,3,342.95,1028.85
txn_140,2025-10-10 10:49:03.357830,103,27,Male,Dodowa,15,Home Goods,4,184.33,737.32
txn_141,2025-04-16 22:49:03.358511,123,40,Female,Kumasi,24,Home Goods,3,445.57,1336.71
txn_142,2026-01-10 08:49:03.359231,170,58,Male,Kumasi,2,Electronics,4,376.13,1504.52
txn_143,2025-09-16 10:49:03.360121,25,36,Female,Kumasi,47,Clothing,4,178.74,714.96
txn_144,2025-09-29 22:49:03.361542,73,63,Female,Dodowa,24,Home Goods,3,445.57,1336.71
txn_145,2025-10-17 02:49:03.362369,78,47,Male,Ho,32,Books,4,412.68,1650.72
txn_146,2026-01-31 12:49:03.362958,120,44,Female,Adenta,50,Beauty,3,486.67,1460.01
txn_147,2025-06-12 06:49:03.363418,177,26,Male,Adenta,15,Home Goods,3,184.33,552.99
txn_148,2025-09-16 16:49:03.363859,126,61,Female,Accra,3,Beauty,1,489.21,489.21
txn_149,2025-11-04 17:49:03.364293,161,62,Female,Adenta,22,Electronics,1,313.81,313.81
txn_150,2025-04-26 04:49:03.364725,162,62,Male,Ho,33,Electronics,2,149.6,299.2
txn_151,2025-12-12 05:49:03.365159,192,20,Female,Dodowa,17,Beauty,1,450.27,450.27
txn_152,2025-12-03 12:49:03.365587,30,28,Female,Kumasi,22,Electronics,3,313.81,941.4300000000001
txn_153,2025-06-25 13:49:03.366012,85,48,Other,Kumasi,5,Clothing,3,294.39,883.17
txn_154,2025-10-12 12:49:03.366446,110,67,Female,Dodowa,19,Electronics,4,134.58,538.32
txn_155,2026-02-01 12:49:03.366870,111,66,Male,Kumasi,28,Books,4,131.09,524.36
txn_156,2026-02-12 12:49:03.367295,86,29,Male,Adenta,43,Clothing,3,430.14,1290.42
txn_157,2025-07-05 22:49:03.368030,103,27,Male,Dodowa,19,Electronics,3,134.58,403.74
txn_158,2025-04-05 05:49:03.368867,35,56,Female,Ho,5,Clothing,2,294.39,588.78
txn_159,2025-04-21 10:49:03.369872,33,32,Male,Accra,39,Books,4,219.08,876.32
txn_160,2025-10-22 18:49:03.370470,171,49,Male,Adenta,29,Electronics,2,383.06,766.12
txn_161,2025-04-28 21:49:03.370952,114,23,Female,Takoradi,43,Clothing,3,430.14,1290.42
txn_162,2025-12-31 15:49:03.371386,3,31,Male,Adenta,36,Books,3,476.37,1429.1100000000001
txn_163,2026-02-15 02:49:03.371813,148,45,Female,Ho,28,Books,4,131.09,524.36
txn_164,2026-02-17 22:49:03.372247,59,61,Male,Takoradi,50,Beauty,3,486.67,1460.01
txn_165,2025-12-10 03:49:03.372776,194,34,Female,Dodowa,9,Home Goods,4,380.37,1521.48
txn_166,2025-02-28 01:49:03.373211,65,31,Male,Dodowa,28,Books,3,131.09,393.27
txn_167,2025-04-25 09:49:03.373645,52,62,Male,Dodowa,27,Home Goods,2,230.63,461.26
txn_168,2025-12-06 09:49:03.374080,66,37,Female,Takoradi,25,Books,2,39.74,79.48
txn_169,2025-04-15 15:49:03.374505,52,62,Male,Dodowa,27,Home Goods,1,230.63,230.63
txn_170,2025-08-16 18:49:03.375602,181,60,Female,Dodowa,11,Beauty,2,224.75,449.5
txn_171,2025-11-27 00:49:03.376335,2,52,Female,Ho,30,Books,3,472.56,1417.68
txn_172,2025-07-22 15:49:03.377076,8,59,Female,Accra,13,Beauty,3,395.99,1187.97
txn_173,2026-02-14 01:49:03.377811,71,36,Female,Adenta,27,Home Goods,2,230.63,461.26
txn_174,2025-02-19 09:49:03.378638,195,42,Male,Kumasi,27,Home Goods,4,230.63,922.52
txn_175,2025-05-11 10:49:03.379350,60,50,Female,Dodowa,3,Beauty,3,489.21,1467.6299999999999
txn_176,2025-09-22 21:49:03.380117,86,29,Male,Adenta,20,Home Goods,1,252.42,252.42
txn_177,2025-04-04 08:49:03.380611,67,29,Female,Kumasi,13,Beauty,4,395.99,1583.96
txn_178,2025-11-12 04:49:03.381092,161,62,Female,Adenta,16,Electronics,4,36.6,146.4
txn_179,2025-04-30 14:49:03.381568,145,45,Male,Kumasi,4,Books,3,296.76,890.28
txn_180,2025-07-16 13:49:03.382041,144,59,Male,Ho,29,Electronics,4,383.06,1532.24
txn_181,2025-10-30 23:49:03.382471,13,34,Male,Kumasi,16,Electronics,4,36.6,146.4
txn_182,2026-01-22 21:49:03.383111,181,60,Female,Dodowa,34,Beauty,2,342.95,685.9
txn_183,2025-05-06 10:49:03.383589,193,60,Female,Dodowa,20,Home Goods,3,252.42,757.26
txn_184,2025-12-09 02:49:03.384027,37,69,Female,Accra,40,Clothing,1,347.3,347.3
txn_185,2026-02-15 22:49:03.384627,53,37,Female,Accra,30,Books,3,472.56,1417.68
txn_186,2025-09-09 14:49:03.385354,180,55,Male,Kumasi,27,Home Goods,1,230.63,230.63
txn_187,2025-06-27 15:49:03.386087,58,36,Male,Kumasi,8,Clothing,3,12.31,36.93
txn_188,2025-04-15 12:49:03.386770,50,54,Female,Ho,1,Beauty,4,115.98,463.92
txn_189,2025-05-19 04:49:03.387224,144,59,Male,Ho,49,Electronics,2,313.28,626.56
txn_190,2025-04-03 15:49:03.387660,2,52,Female,Ho,24,Home Goods,2,445.57,891.14
txn_191,2025-10-18 05:49:03.388093,38,64,Male,Accra,24,Home Goods,2,445.57,891.14
txn_192,2026-02-05 09:49:03.388524,128,50,Female,Adenta,30,Books,4,472.56,1890.24
txn_193,2025-06-11 04:49:03.388955,64,65,Female,Accra,24,Home Goods,3,445.57,1336.71
txn_194,2026-01-25 18:49:03.389382,26,35,Male,Adenta,32,Books,3,412.68,1238.04
txn_195,2025-10-23 21:49:03.389809,125,62,Male,Kumasi,9,Home Goods,1,380.37,380.37
txn_196,2025-05-03 08:49:03.390277,128,50,Female,Adenta,32,Books,4,412.68,1650.72
txn_197,2025-03-10 07:49:03.390863,195,42,Male,Kumasi,26,Home Goods,2,344.62,689.24
txn_198,2025-08-26 00:49:03.391345,185,67,Female,Adenta,11,Beauty,1,224.75,224.75
txn_199,2025-03-13 06:49:03.391822,51,31,Female,Kumasi,47,Clothing,1,178.74,178.74
txn_200,2025-03-26 17:49:03.392302,31,59,Male,Adenta,17,Beauty,3,450.27,1350.81
txn_201,2025-02-23 18:49:03.393261,96,41,Female,Dodowa,49,Electronics,2,313.28,626.56
txn_202,2026-02-14 09:49:03.394034,172,64,Female,Kumasi,44,Books,2,137.03,274.06
txn_203,2025-08-01 03:49:03.394785,57,24,Female,Kumasi,27,Home Goods,2,230.63,461.26
txn_204,2026-01-13 01:49:03.395347,152,19,Male,Adenta,26,Home Goods,3,344.62,1033.8600000000001
txn_205,2025-12-19 19:49:03.395813,26,35,Male,Adenta,4,Books,4,296.76,1187.04
txn_206,2025-02-26 19:49:03.396256,155,26,Female,Adenta,38,Books,4,470.0,1880.0
txn_207,2025-05-02 03:49:03.396697,84,41,Male,Dodowa,42,Beauty,3,231.95,695.8499999999999
txn_208,2025-05-23 16:49:03.397132,156,23,Male,Dodowa,42,Beauty,1,231.95,231.95
txn_209,2025-03-18 15:49:03.397568,183,35,Other,Ho,28,Books,4,131.09,524.36
txn_210,2025-02-20 10:49:03.398250,15,24,Male,Adenta,36,Books,4,476.37,1905.48
txn_211,2025-07-15 03:49:03.398746,19,42,Male,Ho,26,Home Goods,2,344.62,689.24
txn_212,2025-11-03 22:49:03.399213,142,37,Female,Dodowa,6,Clothing,4,488.01,1952.04
txn_213,2025-08-12 00:49:03.399664,53,37,Female,Accra,4,Books,1,296.76,296.76
txn_214,2025-04-25 15:49:03.400119,189,35,Female,Accra,2,Electronics,3,376.13,1128.3899999999999
txn_215,2025-05-02 05:49:03.400549,5,56,Male,Takoradi,23,Electronics,4,325.14,1300.56
txn_216,2025-11-28 06:49:03.401046,114,23,Female,Takoradi,49,Electronics,4,313.28,1253.12
txn_217,2025-06-16 13:49:03.401477,193,60,Female,Dodowa,45,Books,2,320.11,640.22
txn_218,2025-09-10 03:49:03.402031,182,52,Male,Takoradi,8,Clothing,1,12.31,12.31
txn_219,2025-08-23 18:49:03.402796,78,47,Male,Ho,4,Books,4,296.76,1187.04
txn_220,2025-03-22 05:49:03.403308,73,63,Female,Dodowa,45,Books,2,320.11,640.22
txn_221,2025-05-03 00:49:03.403792,189,35,Female,Accra,9,Home Goods,2,380.37,760.74
txn_222,2025-09-21 14:49:03.404269,180,55,Male,Kumasi,4,Books,2,296.76,593.52
txn_223,2025-04-29 09:49:03.404744,30,28,Female,Kumasi,14,Clothing,4,276.26,1105.04
txn_224,2025-08-17 09:49:03.405192,175,61,Male,Kumasi,16,Electronics,1,36.6,36.6
txn_225,2025-11-12 05:49:03.405800,69,25,Female,Takoradi,41,Clothing,2,393.49,786.98
txn_226,2025-10-03 04:49:03.406288,17,28,Male,Accra,5,Clothing,2,294.39,588.78
txn_227,2025-03-22 17:49:03.406777,77,49,Male,Ho,36,Books,3,476.37,1429.1100000000001
txn_228,2025-12-27 18:49:03.407266,178,44,Female,Dodowa,50,Beauty,1,486.67,486.67
txn_229,2025-10-15 19:49:03.407755,162,62,Male,Ho,45,Books,3,320.11,960.33
txn_230,2025-06-11 04:49:03.408240,126,61,Female,Accra,13,Beauty,1,395.99,395.99
txn_231,2025-05-19 10:49:03.408720,5,56,Male,Takoradi,21,Books,3,66.04,198.12
txn_232,2025-04-12 20:49:03.409156,146,23,Male,Accra,13,Beauty,4,395.99,1583.96
txn_233,2025-10-16 07:49:03.409595,85,48,Other,Kumasi,40,Clothing,3,347.3,1041.9
txn_234,2025-03-02 17:49:03.410037,77,49,Male,Ho,21,Books,2,66.04,132.08
txn_235,2025-12-23 11:49:03.410479,57,24,Female,Kumasi,20,Home Goods,1,252.42,252.42
txn_236,2025-06-19 11:49:03.410988,101,50,Male,Dodowa,28,Books,2,131.09,262.18
txn_237,2025-12-21 20:49:03.411449,119,20,Female,Ho,23,Electronics,3,325.14,975.42
txn_238,2025-05-06 10:49:03.411913,76,41,Male,Dodowa,42,Beauty,1,231.95,231.95
txn_239,2025-06-22 07:49:03.412375,141,21,Male,Kumasi,4,Books,4,296.76,1187.04
txn_240,2025-10-30 12:49:03.412884,177,26,Male,Adenta,49,Electronics,2,313.28,626.56
txn_241,2025-12-12 17:49:03.413706,169,37,Female,Accra,45,Books,1,320.11,320.11
txn_242,2025-10-05 23:49:03.414496,196,35,Male,Accra,37,Electronics,3,475.47,1426.41
txn_243,2025-03-18 11:49:03.415078,54,45,Male,Dodowa,43,Clothing,2,430.14,860.28
txn_244,2025-09-01 10:49:03.415963,51,31,Female,Kumasi,5,Clothing,4,294.39,1177.56
txn_245,2025-02-23 09:49:03.416443,180,55,Male,Kumasi,28,Books,3,131.09,393.27
txn_246,2025-07-02 21:49:03.416899,140,23,Male,Accra,7,Beauty,1,69.65,69.65
txn_247,2026-01-22 06:49:03.417339,61,56,Male,Dodowa,27,Home Goods,4,230.63,922.52
txn_248,2025-06-19 22:49:03.418536,170,58,Male,Kumasi,36,Books,1,476.37,476.37
txn_249,2025-03-23 08:49:03.419372,108,25,Female,Kumasi,39,Books,4,219.08,876.32
txn_250,2025-05-06 06:49:03.420175,189,35,Female,Accra,19,Electronics,2,134.58,269.16
txn_251,2025-05-27 05:49:03.420860,189,35,Female,Accra,9,Home Goods,3,380.37,1141.1100000000001
txn_252,2025-02-26 05:49:03.421360,24,50,Male,Dodowa,45,Books,3,320.11,960.33
txn_253,2026-01-20 05:49:03.421802,102,46,Female,Adenta,11,Beauty,2,224.75,449.5
txn_254,2025-12-21 14:49:03.422237,16,30,Female,Ho,48,Clothing,3,201.58,604.74
txn_255,2025-05-07 01:49:03.422672,193,60,Female,Dodowa,27,Home Goods,3,230.63,691.89
txn_256,2025-08-17 23:49:03.423109,87,63,Female,Ho,35,Books,1,81.65,81.65
txn_257,2025-09-18 02:49:03.423536,37,69,Female,Accra,6,Clothing,1,488.01,488.01
txn_258,2025-07-02 00:49:03.423987,44,25,Female,Takoradi,10,Clothing,1,336.36,336.36
txn_259,2025-08-27 20:49:03.424422,26,35,Male,Adenta,25,Books,4,39.74,158.96
txn_260,2025-06-24 19:49:03.424857,69,25,Female,Takoradi,37,Electronics,3,475.47,1426.41
txn_261,2025-04-20 14:49:03.425292,183,35,Other,Ho,28,Books,1,131.09,131.09
txn_262,2025-11-28 05:49:03.425727,160,36,Female,Adenta,15,Home Goods,3,184.33,552.99
txn_263,2025-10-01 02:49:03.426170,4,66,Male,Takoradi,31,Books,1,29.12,29.12
txn_264,2025-07-29 01:49:03.426613,43,44,Other,Dodowa,37,Electronics,1,475.47,475.47
txn_265,2025-11-03 05:49:03.427058,74,69,Male,Adenta,7,Beauty,1,69.65,69.65
txn_266,2025-05-20 05:49:03.427573,167,68,Female,Kumasi,16,Electronics,3,36.6,109.80000000000001
txn_267,2025-10-06 04:49:03.428206,179,22,Male,Takoradi,19,Electronics,3,134.58,403.74
txn_268,2025-03-20 11:49:03.428769,155,26,Female,Adenta,6,Clothing,4,488.01,1952.04
txn_269,2025-12-22 01:49:03.429279,7,31,Male,Kumasi,8,Clothing,3,12.31,36.93
txn_270,2026-01-18 23:49:03.429797,90,50,Female,Ho,44,Books,3,137.03,411.09000000000003
txn_271,2025-08-26 10:49:03.430312,169,37,Female,Accra,36,Books,3,476.37,1429.1100000000001
txn_272,2025-08-25 00:49:03.430835,79,62,Female,Dodowa,18,Clothing,1,406.03,406.03
txn_273,2025-03-11 13:49:03.431333,59,61,Male,Takoradi,37,Electronics,1,475.47,475.47
txn_274,2025-07-01 09:49:03.431835,72,37,Male,Accra,5,Clothing,2,294.39,588.78
txn_275,2025-05-16 20:49:03.432332,152,19,Male,Adenta,48,Clothing,2,201.58,403.16
txn_276,2025-03-04 06:49:03.432833,144,59,Male,Ho,12,Beauty,1,105.14,105.14
txn_277,2025-10-16 01:49:03.433430,162,62,Male,Ho,46,Books,3,104.3,312.9
txn_278,2025-08-21 01:49:03.433910,16,30,Female,Ho,21,Books,3,66.04,198.12
txn_279,2025-07-16 00:49:03.434372,44,25,Female,Takoradi,11,Beauty,1,224.75,224.75
txn_280,2025-09-06 06:49:03.434840,198,44,Male,Adenta,36,Books,1,476.37,476.37
txn_281,2025-03-05 16:49:03.435300,93,54,Female,Accra,46,Books,3,104.3,312.9
txn_282,2025-06-02 18:49:03.436772,140,23,Male,Accra,30,Books,3,472.56,1417.68
txn_283,2025-05-04 13:49:03.437585,146,23,Male,Accra,28,Books,1,131.09,131.09
txn_284,2025-10-14 15:49:03.438190,74,69,Male,Adenta,25,Books,4,39.74,158.96
txn_285,2025-06-23 05:49:03.439188,58,36,Male,Kumasi,21,Books,1,66.04,66.04
txn_286,2025-04-28 15:49:03.439744,134,45,Male,Dodowa,23,Electronics,1,325.14,325.14
txn_287,2025-11-10 22:49:03.440213,23,53,Female,Adenta,12,Beauty,3,105.14,315.42
txn_288,2026-01-18 14:49:03.440658,120,44,Female,Adenta,9,Home Goods,2,380.37,760.74
txn_289,2025-08-13 15:49:03.441121,180,55,Male,Kumasi,11,Beauty,3,224.75,674.25
txn_290,2025-03-19 21:49:03.441572,30,28,Female,Kumasi,44,Books,3,137.03,411.09000000000003
txn_291,2025-10-30 20:49:03.442051,98,60,Male,Adenta,11,Beauty,4,224.75,899.0
txn_292,2025-07-26 20:49:03.442516,53,37,Female,Accra,22,Electronics,3,313.81,941.4300000000001
txn_293,2025-12-22 06:49:03.443052,99,19,Male,Accra,20,Home Goods,1,252.42,252.42
txn_294,2025-11-11 09:49:03.444019,141,21,Male,Kumasi,11,Beauty,4,224.75,899.0
txn_295,2025-09-11 10:49:03.444829,197,48,Female,Adenta,2,Electronics,4,376.13,1504.52
txn_296,2026-01-11 02:49:03.445446,162,62,Male,Ho,7,Beauty,2,69.65,139.3
txn_297,2025-05-11 15:49:03.445938,88,51,Female,Ho,27,Home Goods,2,230.63,461.26
txn_298,2025-11-22 22:49:03.446418,61,56,Male,Dodowa,39,Books,3,219.08,657.24
txn_299,2025-11-16 13:49:03.446899,11,67,Male,Accra,8,Clothing,2,12.31,24.62
txn_300,2025-08-27 00:49:03.447376,169,37,Female,Accra,49,Electronics,3,313.28,939.8399999999999
txn_301,2025-12-18 20:49:03.447892,194,34,Female,Dodowa,19,Electronics,2,134.58,269.16
txn_302,2025-10-29 18:49:03.448331,125,62,Male,Kumasi,32,Books,1,412.68,412.68
txn_303,2025-06-04 03:49:03.448757,114,23,Female,Takoradi,23,Electronics,2,325.14,650.28
txn_304,2025-09-10 03:49:03.449186,128,50,Female,Adenta,39,Books,1,219.08,219.08
txn_305,2025-12-09 06:49:03.449979,66,37,Female,Takoradi,40,Clothing,4,347.3,1389.2
txn_306,2025-05-13 06:49:03.450435,162,62,Male,Ho,48,Clothing,3,201.58,604.74
txn_307,2025-09-10 15:49:03.451145,127,37,Male,Adenta,11,Beauty,3,224.75,674.25
txn_308,2025-11-06 19:49:03.451639,176,63,Female,Dodowa,27,Home Goods,3,230.63,691.89
txn_309,2025-11-26 04:49:03.452092,171,49,Male,Adenta,27,Home Goods,4,230.63,922.52
txn_310,2025-02-27 01:49:03.452676,14,44,Female,Dodowa,24,Home Goods,1,445.57,445.57
txn_311,2025-12-13 04:49:03.453131,121,47,Female,Ho,28,Books,3,131.09,393.27
txn_312,2025-12-31 11:49:03.453564,143,55,Male,Dodowa,21,Books,4,66.04,264.16
txn_313,2025-11-07 10:49:03.453990,74,69,Male,Adenta,29,Electronics,2,383.06,766.12
txn_314,2025-05-03 15:49:03.454413,58,36,Male,Kumasi,47,Clothing,3,178.74,536.22
txn_315,2025-11-19 11:49:03.454837,187,54,Female,Accra,33,Electronics,2,149.6,299.2
txn_316,2026-02-11 21:49:03.455327,49,31,Female,Kumasi,37,Electronics,1,475.47,475.47
txn_317,2026-02-12 04:49:03.455763,132,18,Male,Takoradi,47,Clothing,1,178.74,178.74
txn_318,2025-04-09 19:49:03.456186,55,48,Male,Ho,15,Home Goods,1,184.33,184.33
txn_319,2025-07-03 03:49:03.456610,83,54,Male,Dodowa,44,Books,3,137.03,411.09000000000003
txn_320,2025-12-25 15:49:03.457029,12,27,Male,Ho,37,Electronics,1,475.47,475.47
txn_321,2025-05-02 21:49:03.457458,66,37,Female,Takoradi,24,Home Goods,2,445.57,891.14
txn_322,2025-07-12 23:49:03.457885,70,66,Male,Accra,16,Electronics,2,36.6,73.2
txn_323,2026-01-26 15:49:03.458499,94,44,Female,Ho,21,Books,3,66.04,198.12
txn_324,2025-07-14 15:49:03.458963,121,47,Female,Ho,29,Electronics,4,383.06,1532.24
txn_325,2026-01-03 13:49:03.459400,82,46,Other,Adenta,12,Beauty,1,105.14,105.14
txn_326,2025-07-28 10:49:03.459840,123,40,Female,Kumasi,11,Beauty,4,224.75,899.0
txn_327,2025-05-21 10:49:03.460271,120,44,Female,Adenta,50,Beauty,4,486.67,1946.68
txn_328,2025-05-17 13:49:03.460728,98,60,Male,Adenta,8,Clothing,1,12.31,12.31
txn_329,2026-01-08 19:49:03.461215,156,23,Male,Dodowa,7,Beauty,1,69.65,69.65
txn_330,2026-02-04 09:49:03.461662,153,49,Male,Accra,49,Electronics,2,313.28,626.56
txn_331,2025-08-31 10:49:03.462095,175,61,Male,Kumasi,6,Clothing,2,488.01,976.02
txn_332,2025-04-20 14:49:03.462525,101,50,Male,Dodowa,41,Clothing,1,393.49,393.49
txn_333,2025-06-26 05:49:03.462963,158,59,Female,Accra,13,Beauty,1,395.99,395.99
txn_334,2025-02-27 12:49:03.463391,51,31,Female,Kumasi,18,Clothing,1,406.03,406.03
txn_335,2025-03-07 00:49:03.463818,31,59,Male,Adenta,44,Books,2,137.03,274.06
txn_336,2025-02-21 10:49:03.464243,186,24,Male,Dodowa,7,Beauty,3,69.65,208.95000000000002
txn_337,2026-01-23 02:49:03.464678,195,42,Male,Kumasi,20,Home Goods,3,252.42,757.26
txn_338,2025-05-01 04:49:03.465451,130,41,Male,Adenta,8,Clothing,4,12.31,49.24
txn_339,2025-10-29 06:49:03.466538,112,30,Female,Takoradi,18,Clothing,4,406.03,1624.12
txn_340,2025-04-09 18:49:03.471385,35,56,Female,Ho,3,Beauty,1,489.21,489.21
txn_341,2025-06-13 03:49:03.472515,169,37,Female,Accra,47,Clothing,3,178.74,536.22
txn_342,2025-06-07 05:49:03.474096,19,42,Male,Ho,8,Clothing,1,12.31,12.31
txn_343,2025-07-22 13:49:03.475061,54,45,Male,Dodowa,18,Clothing,3,406.03,1218.09
txn_344,2025-02-27 10:49:03.476007,127,37,Male,Adenta,46,Books,4,104.3,417.2
txn_345,2025-04-11 01:49:03.478399,142,37,Female,Dodowa,11,Beauty,3,224.75,674.25
txn_346,2025-06-15 15:49:03.479821,5,56,Male,Takoradi,7,Beauty,3,69.65,208.95000000000002
txn_347,2025-03-01 05:49:03.481320,56,22,Male,Takoradi,4,Books,4,296.76,1187.04
txn_348,2026-01-19 21:49:03.481876,103,27,Male,Dodowa,18,Clothing,4,406.03,1624.12
txn_349,2025-11-06 04:49:03.482375,11,67,Male,Accra,26,Home Goods,4,344.62,1378.48
txn_350,2025-09-19 18:49:03.482863,98,60,Male,Adenta,10,Clothing,3,336.36,1009.08
txn_351,2025-07-09 10:49:03.483346,21,34,Female,Takoradi,13,Beauty,1,395.99,395.99
txn_352,2025-07-28 07:49:03.483832,29,52,Male,Ho,49,Electronics,1,313.28,313.28
txn_353,2025-05-22 03:49:03.484556,70,66,Male,Accra,45,Books,4,320.11,1280.44
txn_354,2025-05-28 06:49:03.485259,152,19,Male,Adenta,31,Books,1,29.12,29.12
txn_355,2025-09-08 02:49:03.485906,4,66,Male,Takoradi,36,Books,3,476.37,1429.1100000000001
txn_356,2025-09-29 11:49:03.486443,58,36,Male,Kumasi,33,Electronics,4,149.6,598.4
txn_357,2025-11-30 11:49:03.487282,47,31,Female,Takoradi,15,Home Goods,4,184.33,737.32
txn_358,2025-11-30 00:49:03.488203,52,62,Male,Dodowa,38,Books,4,470.0,1880.0
txn_359,2025-07-26 16:49:03.489024,123,40,Female,Kumasi,18,Clothing,1,406.03,406.03
txn_360,2025-12-10 21:49:03.489561,154,42,Female,Accra,15,Home Goods,1,184.33,184.33
txn_361,2025-04-26 09:49:03.490061,133,41,Male,Adenta,21,Books,1,66.04,66.04
txn_362,2025-12-20 13:49:03.490536,129,49,Female,Takoradi,26,Home Goods,3,344.62,1033.8600000000001
txn_363,2025-11-11 05:49:03.491015,76,41,Male,Dodowa,11,Beauty,2,224.75,449.5
txn_364,2025-12-08 13:49:03.491496,163,47,Male,Accra,46,Books,1,104.3,104.3
txn_365,2025-05-05 22:49:03.491982,89,21,Male,Accra,16,Electronics,2,36.6,73.2
txn_366,2025-03-23 11:49:03.492460,21,34,Female,Takoradi,40,Clothing,4,347.3,1389.2
txn_367,2026-01-18 06:49:03.493276,96,41,Female,Dodowa,7,Beauty,1,69.65,69.65
txn_368,2025-10-28 16:49:03.494867,74,69,Male,Adenta,41,Clothing,1,393.49,393.49
txn_369,2025-07-08 03:49:03.496259,193,60,Female,Dodowa,49,Electronics,4,313.28,1253.12
txn_370,2025-06-17 13:49:03.496812,159,65,Female,Adenta,14,Clothing,1,276.26,276.26
txn_371,2025-06-04 03:49:03.497303,86,29,Male,Adenta,12,Beauty,1,105.14,105.14
txn_372,2025-06-29 15:49:03.497793,115,55,Male,Dodowa,39,Books,4,219.08,876.32
txn_373,2025-07-18 15:49:03.498281,192,20,Female,Dodowa,30,Books,4,472.56,1890.24
txn_374,2025-07-01 06:49:03.498780,94,44,Female,Ho,44,Books,2,137.03,274.06
txn_375,2025-07-05 09:49:03.499301,200,46,Female,Takoradi,23,Electronics,2,325.14,650.28
txn_376,2025-03-22 00:49:03.499825,156,23,Male,Dodowa,19,Electronics,2,134.58,269.16
txn_377,2025-03-06 06:49:03.500317,75,69,Male,Dodowa,33,Electronics,3,149.6,448.79999999999995
txn_378,2025-08-29 01:49:03.501271,108,25,Female,Kumasi,32,Books,2,412.68,825.36
txn_379,2025-04-11 21:49:03.502197,52,62,Male,Dodowa,45,Books,1,320.11,320.11
txn_380,2025-07-15 03:49:03.503102,120,44,Female,Adenta,12,Beauty,1,105.14,105.14
txn_381,2025-11-10 00:49:03.504265,88,51,Female,Ho,10,Clothing,3,336.36,1009.08
txn_382,2025-10-02 06:49:03.504888,172,64,Female,Kumasi,15,Home Goods,4,184.33,737.32
txn_383,2025-02-26 19:49:03.505458,52,62,Male,Dodowa,49,Electronics,2,313.28,626.56
txn_384,2025-10-21 18:49:03.506012,42,57,Male,Takoradi,49,Electronics,2,313.28,626.56
txn_385,2025-10-05 08:49:03.506509,103,27,Male,Dodowa,18,Clothing,1,406.03,406.03
txn_386,2025-12-24 13:49:03.507016,34,54,Female,Accra,4,Books,3,296.76,890.28
txn_387,2025-04-26 07:49:03.507496,36,22,Male,Kumasi,22,Electronics,4,313.81,1255.24
txn_388,2025-12-03 22:49:03.507974,59,61,Male,Takoradi,24,Home Goods,1,445.57,445.57
txn_389,2026-01-31 22:49:03.508455,127,37,Male,Adenta,43,Clothing,1,430.14,430.14
txn_390,2025-12-12 18:49:03.508941,85,48,Other,Kumasi,5,Clothing,3,294.39,883.17
txn_391,2025-03-16 08:49:03.510306,9,18,Male,Accra,17,Beauty,2,450.27,900.54
txn_392,2026-01-16 13:49:03.511954,34,54,Female,Accra,25,Books,3,39.74,119.22
txn_393,2025-02-26 08:49:03.512954,116,59,Male,Dodowa,40,Clothing,1,347.3,347.3
txn_394,2025-11-13 15:49:03.514096,43,44,Other,Dodowa,32,Books,1,412.68,412.68
txn_395,2025-07-22 22:49:03.514955,173,45,Female,Dodowa,17,Beauty,2,450.27,900.54
txn_396,2025-11-08 18:49:03.515813,199,19,Male,Kumasi,47,Clothing,2,178.74,357.48
txn_397,2025-06-13 16:49:03.516655,94,44,Female,Ho,21,Books,2,66.04,132.08
txn_398,2025-04-18 16:49:03.517499,31,59,Male,Adenta,39,Books,4,219.08,876.32
txn_399,2025-09-16 00:49:03.518428,35,56,Female,Ho,24,Home Goods,4,445.57,1782.28
txn_400,2025-12-07 23:49:03.520561,110,67,Female,Dodowa,47,Clothing,3,178.74,536.22
txn_401,2025-08-15 10:49:03.521625,1,31,Female,Accra,36,Books,3,476.37,1429.1100000000001
txn_402,2025-12-11 13:49:03.522959,119,20,Female,Ho,36,Books,1,476.37,476.37
txn_403,2025-10-06 22:49:03.523534,66,37,Female,Takoradi,2,Electronics,4,376.13,1504.52
txn_404,2025-03-29 05:49:03.524031,78,47,Male,Ho,24,Home Goods,4,445.57,1782.28
txn_405,2025-08-27 09:49:03.524510,131,41,Female,Adenta,47,Clothing,1,178.74,178.74
txn_406,2026-01-13 04:49:03.524980,121,47,Female,Ho,1,Beauty,1,115.98,115.98
txn_407,2025-03-25 21:49:03.527183,53,37,Female,Accra,31,Books,3,29.12,87.36
txn_408,2025-11-03 15:49:03.529092,174,29,Male,Accra,47,Clothing,2,178.74,357.48
txn_409,2025-10-17 10:49:03.530172,77,49,Male,Ho,45,Books,4,320.11,1280.44
txn_410,2025-05-16 08:49:03.531097,137,38,Male,Ho,44,Books,3,137.03,411.09000000000003
txn_411,2025-10-03 09:49:03.531934,87,63,Female,Ho,7,Beauty,2,69.65,139.3
txn_412,2025-05-23 22:49:03.532761,104,50,Female,Ho,13,Beauty,2,395.99,791.98
txn_413,2025-05-21 23:49:03.533475,125,62,Male,Kumasi,25,Books,2,39.74,79.48
txn_414,2025-05-22 20:49:03.535523,169,37,Female,Accra,27,Home Goods,4,230.63,922.52
txn_415,2025-07-20 19:49:03.536629,196,35,Male,Accra,7,Beauty,2,69.65,139.3
txn_416,2025-07-19 19:49:03.538296,103,27,Male,Dodowa,50,Beauty,3,486.67,1460.01
txn_417,2025-11-13 18:49:03.539137,51,31,Female,Kumasi,44,Books,3,137.03,411.09000000000003
txn_418,2025-02-23 18:49:03.539914,197,48,Female,Adenta,48,Clothing,4,201.58,806.32
txn_419,2026-01-16 11:49:03.540651,84,41,Male,Dodowa,33,Electronics,2,149.6,299.2
txn_420,2025-11-08 17:49:03.542360,79,62,Female,Dodowa,43,Clothing,1,430.14,430.14
txn_421,2025-02-27 21:49:03.543674,103,27,Male,Dodowa,20,Home Goods,1,252.42,252.42
txn_422,2026-01-27 10:49:03.545820,46,30,Male,Adenta,17,Beauty,3,450.27,1350.81
txn_423,2025-10-12 02:49:03.546536,92,27,Female,Kumasi,50,Beauty,3,486.67,1460.01
txn_424,2025-05-27 23:49:03.547069,15,24,Male,Adenta,23,Electronics,2,325.14,650.28
txn_425,2025-07-21 03:49:03.547578,80,66,Male,Accra,5,Clothing,2,294.39,588.78
txn_426,2025-12-13 08:49:03.548098,11,67,Male,Accra,12,Beauty,1,105.14,105.14
txn_427,2025-08-13 23:49:03.548747,3,31,Male,Adenta,33,Electronics,2,149.6,299.2
txn_428,2025-09-02 04:49:03.550380,179,22,Male,Takoradi,1,Beauty,2,115.98,231.96
txn_429,2025-11-20 06:49:03.551438,197,48,Female,Adenta,50,Beauty,2,486.67,973.34
txn_430,2026-02-08 15:49:03.553537,189,35,Female,Accra,31,Books,3,29.12,87.36
txn_431,2025-02-23 16:49:03.554215,51,31,Female,Kumasi,7,Beauty,4,69.65,278.6
txn_432,2025-06-21 13:49:03.554773,11,67,Male,Accra,22,Electronics,1,313.81,313.81
txn_433,2025-03-27 22:49:03.555316,72,37,Male,Accra,34,Beauty,2,342.95,685.9
txn_434,2025-08-22 14:49:03.555884,36,22,Male,Kumasi,26,Home Goods,2,344.62,689.24
txn_435,2025-10-11 05:49:03.557259,14,44,Female,Dodowa,29,Electronics,2,383.06,766.12
txn_436,2025-04-03 00:49:03.558226,22,37,Female,Adenta,43,Clothing,3,430.14,1290.42
txn_437,2026-01-08 15:49:03.559191,59,61,Male,Takoradi,16,Electronics,2,36.6,73.2
txn_438,2025-10-11 05:49:03.561226,58,36,Male,Kumasi,23,Electronics,1,325.14,325.14
txn_439,2025-06-15 01:49:03.562040,194,34,Female,Dodowa,6,Clothing,1,488.01,488.01
txn_440,2025-08-03 17:49:03.562886,41,55,Female,Ho,19,Electronics,1,134.58,134.58
txn_441,2025-05-21 01:49:03.563627,57,24,Female,Kumasi,24,Home Goods,3,445.57,1336.71
txn_442,2025-09-08 09:49:03.564999,142,37,Female,Dodowa,25,Books,2,39.74,79.48
txn_443,2025-10-13 07:49:03.565986,85,48,Other,Kumasi,2,Electronics,2,376.13,752.26
txn_444,2025-05-04 12:49:03.566859,134,45,Male,Dodowa,24,Home Goods,2,445.57,891.14
txn_445,2025-10-11 01:49:03.567886,14,44,Female,Dodowa,25,Books,4,39.74,158.96
txn_446,2025-07-20 22:49:03.570068,128,50,Female,Adenta,20,Home Goods,2,252.42,504.84
txn_447,2025-04-24 12:49:03.572404,84,41,Male,Dodowa,46,Books,4,104.3,417.2
txn_448,2025-02-23 04:49:03.573369,71,36,Female,Adenta,16,Electronics,3,36.6,109.80000000000001
txn_449,2025-12-23 19:49:03.574180,89,21,Male,Accra,46,Books,1,104.3,104.3
txn_450,2025-05-31 21:49:03.574971,94,44,Female,Ho,47,Clothing,3,178.74,536.22
txn_451,2025-10-03 04:49:03.575742,51,31,Female,Kumasi,10,Clothing,3,336.36,1009.08
txn_452,2026-01-05 06:49:03.577801,181,60,Female,Dodowa,48,Clothing,2,201.58,403.16
txn_453,2025-05-02 08:49:03.578960,169,37,Female,Accra,17,Beauty,4,450.27,1801.08
txn_454,2025-08-28 16:49:03.580908,57,24,Female,Kumasi,45,Books,2,320.11,640.22
txn_455,2025-10-17 08:49:03.581740,80,66,Male,Accra,47,Clothing,2,178.74,357.48
txn_456,2025-11-19 02:49:03.582614,70,66,Male,Accra,49,Electronics,3,313.28,939.8399999999999
txn_457,2025-02-22 04:49:03.583522,29,52,Male,Ho,47,Clothing,2,178.74,357.48
txn_458,2026-01-17 13:49:03.584524,105,33,Male,Kumasi,41,Clothing,1,393.49,393.49
txn_459,2025-10-07 09:49:03.585482,157,44,Male,Dodowa,21,Books,3,66.04,198.12
txn_460,2025-10-23 01:49:03.586463,75,69,Male,Dodowa,1,Beauty,2,115.98,231.96
txn_461,2026-02-04 16:49:03.588066,99,19,Male,Accra,25,Books,4,39.74,158.96
txn_462,2025-10-25 00:49:03.589015,99,19,Male,Accra,24,Home Goods,1,445.57,445.57
txn_463,2025-05-06 00:49:03.589877,139,18,Female,Dodowa,26,Home Goods,4,344.62,1378.48
txn_464,2025-07-21 19:49:03.590708,64,65,Female,Accra,28,Books,4,131.09,524.36
txn_465,2025-06-20 03:49:03.591385,110,67,Female,Dodowa,26,Home Goods,4,344.62,1378.48
txn_466,2025-10-25 08:49:03.592407,196,35,Male,Accra,46,Books,2,104.3,208.6
txn_467,2025-08-20 13:49:03.593153,181,60,Female,Dodowa,11,Beauty,1,224.75,224.75
txn_468,2025-02-25 02:49:03.593691,149,27,Female,Takoradi,5,Clothing,2,294.39,588.78
txn_469,2025-10-17 18:49:03.595499,107,49,Female,Ho,45,Books,3,320.11,960.33
txn_470,2025-07-25 18:49:03.596481,119,20,Female,Ho,37,Electronics,4,475.47,1901.88
txn_471,2025-07-19 07:49:03.597333,168,18,Male,Adenta,32,Books,2,412.68,825.36
txn_472,2025-12-02 13:49:03.598131,44,25,Female,Takoradi,50,Beauty,2,486.67,973.34
txn_473,2025-02-26 11:49:03.598867,115,55,Male,Dodowa,11,Beauty,1,224.75,224.75
txn_474,2025-03-15 22:49:03.599547,171,49,Male,Adenta,45,Books,1,320.11,320.11
txn_475,2025-12-11 11:49:03.600066,20,65,Male,Takoradi,45,Books,4,320.11,1280.44
txn_476,2025-07-30 10:49:03.600559,72,37,Male,Accra,3,Beauty,1,489.21,489.21
txn_477,2025-10-03 00:49:03.601204,69,25,Female,Takoradi,23,Electronics,4,325.14,1300.56
txn_478,2025-09-20 01:49:03.602182,77,49,Male,Ho,17,Beauty,4,450.27,1801.08
txn_479,2025-05-04 01:49:03.602881,112,30,Female,Takoradi,25,Books,4,39.74,158.96
txn_480,2025-05-12 04:49:03.604180,199,19,Male,Kumasi,38,Books,4,470.0,1880.0
txn_481,2025-05-21 23:49:03.604772,91,69,Male,Ho,26,Home Goods,4,344.62,1378.48
txn_482,2025-03-16 16:49:03.605277,60,50,Female,Dodowa,32,Books,3,412.68,1238.04
txn_483,2026-02-13 23:49:03.606098,77,49,Male,Ho,37,Electronics,1,475.47,475.47
txn_484,2025-08-18 20:49:03.607058,73,63,Female,Dodowa,8,Clothing,4,12.31,49.24
txn_485,2025-04-17 21:49:03.607913,145,45,Male,Kumasi,40,Clothing,3,347.3,1041.9
txn_486,2025-03-14 06:49:03.608763,170,58,Male,Kumasi,25,Books,2,39.74,79.48
txn_487,2025-07-09 23:49:03.609985,133,41,Male,Adenta,40,Clothing,3,347.3,1041.9
txn_488,2025-04-08 18:49:03.610594,110,67,Female,Dodowa,7,Beauty,4,69.65,278.6
txn_489,2025-09-05 21:49:03.611702,135,25,Male,Accra,31,Books,3,29.12,87.36
txn_490,2025-08-14 23:49:03.612474,124,33,Other,Ho,2,Electronics,1,376.13,376.13
txn_491,2025-03-05 12:49:03.613361,17,28,Male,Accra,36,Books,3,476.37,1429.1100000000001
txn_492,2025-12-12 01:49:03.614159,14,44,Female,Dodowa,43,Clothing,1,430.14,430.14
txn_493,2025-10-01 20:49:03.614901,20,65,Male,Takoradi,15,Home Goods,4,184.33,737.32
txn_494,2025-07-19 13:49:03.615739,169,37,Female,Accra,12,Beauty,1,105.14,105.14
txn_495,2026-01-01 18:49:03.616570,158,59,Female,Accra,44,Books,3,137.03,411.09000000000003
txn_496,2025-08-07 02:49:03.618222,25,36,Female,Kumasi,37,Electronics,1,475.47,475.47
txn_497,2026-02-04 23:49:03.619180,93,54,Female,Accra,18,Clothing,2,406.03,812.06
txn_498,2025-12-25 05:49:03.620690,19,42,Male,Ho,1,Beauty,3,115.98,347.94
txn_499,2025-03-28 16:49:03.621633,97,62,Male,Accra,6,Clothing,3,488.01,1464.03
txn_500,2025-08-09 08:49:03.622551,170,58,Male,Kumasi,22,Electronics,2,313.81,627.62
txn_501,2025-09-18 17:49:03.623420,49,31,Female,Kumasi,7,Beauty,3,69.65,208.95000000000002
txn_502,2025-12-01 12:49:03.624592,68,54,Male,Takoradi,35,Books,2,81.65,163.3
txn_503,2026-01-18 15:49:03.625603,56,22,Male,Takoradi,37,Electronics,2,475.47,950.94
txn_504,2025-11-15 01:49:03.626388,167,68,Female,Kumasi,23,Electronics,4,325.14,1300.56
txn_505,2025-10-20 13:49:03.627043,6,59,Female,Accra,5,Clothing,1,294.39,294.39
txn_506,2025-12-05 20:49:03.627611,132,18,Male,Takoradi,18,Clothing,1,406.03,406.03
txn_507,2025-07-14 14:49:03.628222,197,48,Female,Adenta,9,Home Goods,3,380.37,1141.1100000000001
txn_508,2025-06-27 03:49:03.629399,139,18,Female,Dodowa,45,Books,1,320.11,320.11
txn_509,2025-04-25 14:49:03.630197,33,32,Male,Accra,13,Beauty,4,395.99,1583.96
txn_510,2025-12-31 01:49:03.630795,165,54,Female,Dodowa,5,Clothing,1,294.39,294.39
txn_511,2025-07-29 10:49:03.631503,130,41,Male,Adenta,33,Electronics,1,149.6,149.6
txn_512,2025-11-29 10:49:03.632419,39,69,Female,Adenta,39,Books,2,219.08,438.16
txn_513,2025-04-26 22:49:03.633255,109,66,Male,Takoradi,10,Clothing,4,336.36,1345.44
txn_514,2025-12-02 13:49:03.633804,46,30,Male,Adenta,9,Home Goods,2,380.37,760.74
txn_515,2026-01-23 03:49:03.634688,154,42,Female,Accra,20,Home Goods,2,252.42,504.84
txn_516,2025-07-14 05:49:03.635630,56,22,Male,Takoradi,11,Beauty,2,224.75,449.5
txn_517,2026-01-22 04:49:03.637756,73,63,Female,Dodowa,49,Electronics,3,313.28,939.8399999999999
txn_518,2025-07-09 13:49:03.638418,69,25,Female,Takoradi,6,Clothing,4,488.01,1952.04
txn_519,2025-11-20 09:49:03.638899,18,68,Male,Dodowa,41,Clothing,4,393.49,1573.96
txn_520,2025-04-25 11:49:03.639717,83,54,Male,Dodowa,31,Books,2,29.12,58.24
txn_521,2025-08-27 11:49:03.640547,61,56,Male,Dodowa,28,Books,2,131.09,262.18
txn_522,2025-04-10 00:49:03.641382,159,65,Female,Adenta,29,Electronics,4,383.06,1532.24
txn_523,2026-01-11 21:49:03.642105,150,49,Male,Kumasi,9,Home Goods,4,380.37,1521.48
txn_524,2025-03-24 10:49:03.642673,37,69,Female,Accra,28,Books,4,131.09,524.36
txn_525,2025-11-06 22:49:03.643429,112,30,Female,Takoradi,12,Beauty,3,105.14,315.42
txn_526,2025-11-25 06:49:03.644176,113,41,Female,Accra,47,Clothing,2,178.74,357.48
txn_527,2026-01-14 19:49:03.644942,102,46,Female,Adenta,13,Beauty,2,395.99,791.98
txn_528,2025-10-22 08:49:03.645797,187,54,Female,Accra,37,Electronics,1,475.47,475.47
txn_529,2025-07-28 05:49:03.646514,141,21,Male,Kumasi,20,Home Goods,2,252.42,504.84
txn_530,2026-01-14 01:49:03.647367,99,19,Male,Accra,6,Clothing,3,488.01,1464.03
txn_531,2025-07-12 02:49:03.648258,79,62,Female,Dodowa,47,Clothing,3,178.74,536.22
txn_532,2025-04-16 21:49:03.649134,197,48,Female,Adenta,33,Electronics,1,149.6,149.6
txn_533,2026-02-08 11:49:03.649907,181,60,Female,Dodowa,44,Books,2,137.03,274.06
txn_534,2025-12-15 09:49:03.650436,82,46,Other,Adenta,12,Beauty,2,105.14,210.28
txn_535,2025-03-23 05:49:03.650987,27,47,Male,Ho,8,Clothing,4,12.31,49.24
txn_536,2025-02-24 04:49:03.652294,3,31,Male,Adenta,50,Beauty,2,486.67,973.34
txn_537,2025-12-23 04:49:03.653949,199,19,Male,Kumasi,40,Clothing,3,347.3,1041.9
txn_538,2026-01-14 19:49:03.655695,174,29,Male,Accra,44,Books,3,137.03,411.09000000000003
txn_539,2025-09-27 13:49:03.656664,152,19,Male,Adenta,14,Clothing,2,276.26,552.52
txn_540,2025-11-12 13:49:03.657460,171,49,Male,Adenta,49,Electronics,1,313.28,313.28
txn_541,2025-09-11 22:49:03.658289,140,23,Male,Accra,14,Clothing,1,276.26,276.26
txn_542,2025-03-03 04:49:03.658851,13,34,Male,Kumasi,29,Electronics,4,383.06,1532.24
txn_543,2025-09-01 05:49:03.659829,155,26,Female,Adenta,10,Clothing,3,336.36,1009.08
txn_544,2026-02-14 01:49:03.660779,38,64,Male,Accra,13,Beauty,3,395.99,1187.97
txn_545,2025-11-09 20:49:03.662320,141,21,Male,Kumasi,43,Clothing,4,430.14,1720.56
txn_546,2025-10-04 10:49:03.663607,173,45,Female,Dodowa,43,Clothing,4,430.14,1720.56
txn_547,2025-11-27 19:49:03.664793,92,27,Female,Kumasi,2,Electronics,4,376.13,1504.52
txn_548,2025-05-08 10:49:03.665587,22,37,Female,Adenta,36,Books,3,476.37,1429.1100000000001
txn_549,2025-03-22 16:49:03.666117,120,44,Female,Adenta,34,Beauty,1,342.95,342.95
txn_550,2025-06-03 19:49:03.666647,144,59,Male,Ho,47,Clothing,2,178.74,357.48
txn_551,2026-01-28 11:49:03.667412,38,64,Male,Accra,14,Clothing,3,276.26,828.78
txn_552,2026-01-23 03:49:03.668550,87,63,Female,Ho,8,Clothing,2,12.31,24.62
txn_553,2025-09-03 03:49:03.669961,6,59,Female,Accra,27,Home Goods,2,230.63,461.26
txn_554,2025-06-05 04:49:03.670927,105,33,Male,Kumasi,18,Clothing,1,406.03,406.03
txn_555,2026-01-23 13:49:03.671775,200,46,Female,Takoradi,35,Books,3,81.65,244.95000000000002
txn_556,2025-06-05 13:49:03.672501,89,21,Male,Accra,7,Beauty,1,69.65,69.65
txn_557,2026-01-23 16:49:03.673149,121,47,Female,Ho,20,Home Goods,3,252.42,757.26
txn_558,2026-01-20 08:49:03.673632,128,50,Female,Adenta,50,Beauty,4,486.67,1946.68
txn_559,2025-09-15 13:49:03.674101,181,60,Female,Dodowa,1,Beauty,4,115.98,463.92
txn_560,2025-10-10 00:49:03.674566,88,51,Female,Ho,13,Beauty,4,395.99,1583.96
txn_561,2025-04-18 04:49:03.675047,69,25,Female,Takoradi,13,Beauty,3,395.99,1187.97
txn_562,2025-12-27 09:49:03.675520,146,23,Male,Accra,16,Electronics,1,36.6,36.6
txn_563,2025-04-06 14:49:03.675997,118,32,Female,Ho,27,Home Goods,1,230.63,230.63
txn_564,2025-10-04 00:49:03.676481,22,37,Female,Adenta,43,Clothing,1,430.14,430.14
txn_565,2025-03-09 18:49:03.677364,109,66,Male,Takoradi,1,Beauty,2,115.98,231.96
txn_566,2025-09-13 07:49:03.678785,84,41,Male,Dodowa,46,Books,4,104.3,417.2
txn_567,2026-02-15 23:49:03.679382,200,46,Female,Takoradi,32,Books,1,412.68,412.68
txn_568,2026-01-24 16:49:03.680125,96,41,Female,Dodowa,12,Beauty,3,105.14,315.42
txn_569,2025-08-17 08:49:03.680607,15,24,Male,Adenta,26,Home Goods,1,344.62,344.62
txn_570,2025-04-19 10:49:03.681064,151,69,Male,Accra,47,Clothing,2,178.74,357.48
txn_571,2025-04-20 14:49:03.681503,36,22,Male,Kumasi,20,Home Goods,1,252.42,252.42
txn_572,2025-07-19 21:49:03.682000,174,29,Male,Accra,45,Books,2,320.11,640.22
txn_573,2025-03-24 23:49:03.682424,96,41,Female,Dodowa,2,Electronics,1,376.13,376.13
txn_574,2025-10-14 02:49:03.683111,64,65,Female,Accra,37,Electronics,3,475.47,1426.41
txn_575,2025-04-06 15:49:03.683624,157,44,Male,Dodowa,31,Books,1,29.12,29.12
txn_576,2025-09-27 14:49:03.684099,140,23,Male,Accra,8,Clothing,1,12.31,12.31
txn_577,2025-05-14 03:49:03.684992,16,30,Female,Ho,23,Electronics,3,325.14,975.42
txn_578,2025-10-15 18:49:03.685558,179,22,Male,Takoradi,8,Clothing,2,12.31,24.62
txn_579,2025-02-27 13:49:03.686571,83,54,Male,Dodowa,36,Books,3,476.37,1429.1100000000001
txn_580,2025-08-28 23:49:03.687429,91,69,Male,Ho,11,Beauty,2,224.75,449.5
txn_581,2025-12-17 00:49:03.688171,136,68,Male,Ho,25,Books,3,39.74,119.22
txn_582,2026-01-19 21:49:03.688658,54,45,Male,Dodowa,44,Books,2,137.03,274.06
txn_583,2026-02-07 06:49:03.689116,41,55,Female,Ho,27,Home Goods,2,230.63,461.26
txn_584,2025-09-09 08:49:03.689569,134,45,Male,Dodowa,33,Electronics,1,149.6,149.6
txn_585,2025-12-22 18:49:03.690040,115,55,Male,Dodowa,9,Home Goods,4,380.37,1521.48
txn_586,2025-12-03 01:49:03.690504,127,37,Male,Adenta,41,Clothing,2,393.49,786.98
txn_587,2025-07-11 17:49:03.690965,101,50,Male,Dodowa,17,Beauty,3,450.27,1350.81
txn_588,2025-11-05 12:49:03.691423,28,42,Female,Ho,49,Electronics,2,313.28,626.56
txn_589,2025-09-06 21:49:03.691926,179,22,Male,Takoradi,33,Electronics,2,149.6,299.2
txn_590,2025-12-26 13:49:03.693119,136,68,Male,Ho,24,Home Goods,3,445.57,1336.71
txn_591,2025-10-30 04:49:03.694194,61,56,Male,Dodowa,25,Books,1,39.74,39.74
txn_592,2025-06-01 11:49:03.695189,105,33,Male,Kumasi,44,Books,2,137.03,274.06
txn_593,2026-02-17 15:49:03.695705,20,65,Male,Takoradi,12,Beauty,2,105.14,210.28
txn_594,2025-03-08 19:49:03.696182,41,55,Female,Ho,30,Books,4,472.56,1890.24
txn_595,2025-10-01 13:49:03.696731,100,31,Female,Ho,48,Clothing,4,201.58,806.32
txn_596,2025-03-04 04:49:03.697194,120,44,Female,Adenta,7,Beauty,4,69.65,278.6
txn_597,2025-12-22 05:49:03.697623,114,23,Female,Takoradi,15,Home Goods,4,184.33,737.32
txn_598,2025-02-20 12:49:03.698342,63,64,Female,Adenta,42,Beauty,4,231.95,927.8
txn_599,2026-01-29 13:49:03.698959,31,59,Male,Adenta,21,Books,1,66.04,66.04
txn_600,2025-12-29 15:49:03.699424,75,69,Male,Dodowa,22,Electronics,3,313.81,941.4300000000001
txn_601,2025-07-08 18:49:03.700358,60,50,Female,Dodowa,38,Books,2,470.0,940.0
txn_602,2025-12-31 09:49:03.701152,81,42,Female,Dodowa,31,Books,3,29.12,87.36
txn_603,2025-04-25 19:49:03.702042,89,21,Male,Accra,23,Electronics,4,325.14,1300.56
txn_604,2025-08-31 16:49:03.702871,80,66,Male,Accra,17,Beauty,4,450.27,1801.08
txn_605,2025-05-25 18:49:03.703549,91,69,Male,Ho,30,Books,4,472.56,1890.24
txn_606,2025-11-21 22:49:03.704086,44,25,Female,Takoradi,43,Clothing,4,430.14,1720.56
txn_607,2025-07-15 03:49:03.704602,168,18,Male,Adenta,12,Beauty,2,105.14,210.28
txn_608,2025-11-12 19:49:03.705109,153,49,Male,Accra,47,Clothing,3,178.74,536.22
txn_609,2026-01-09 09:49:03.705611,131,41,Female,Adenta,35,Books,4,81.65,326.6
txn_610,2025-11-23 00:49:03.706112,107,49,Female,Ho,48,Clothing,2,201.58,403.16
txn_611,2025-08-13 12:49:03.706610,26,35,Male,Adenta,31,Books,4,29.12,116.48
txn_612,2025-04-18 08:49:03.707224,31,59,Male,Adenta,44,Books,3,137.03,411.09000000000003
txn_613,2026-01-23 19:49:03.708204,5,56,Male,Takoradi,37,Electronics,2,475.47,950.94
txn_614,2026-02-05 00:49:03.709084,129,49,Female,Takoradi,21,Books,1,66.04,66.04
txn_615,2025-03-13 09:49:03.709855,80,66,Male,Accra,27,Home Goods,4,230.63,922.52
txn_616,2025-08-07 22:49:03.710533,186,24,Male,Dodowa,6,Clothing,4,488.01,1952.04
txn_617,2025-04-17 02:49:03.711046,169,37,Female,Accra,37,Electronics,4,475.47,1901.88
txn_618,2025-03-19 14:49:03.711584,92,27,Female,Kumasi,3,Beauty,4,489.21,1956.84
txn_619,2026-02-13 09:49:03.712056,38,64,Male,Accra,14,Clothing,4,276.26,1105.04
txn_620,2026-01-18 06:49:03.712521,94,44,Female,Ho,1,Beauty,2,115.98,231.96
txn_621,2025-12-07 14:49:03.712982,101,50,Male,Dodowa,5,Clothing,1,294.39,294.39
txn_622,2025-11-13 01:49:03.725254,66,37,Female,Takoradi,34,Beauty,3,342.95,1028.85
txn_623,2025-09-10 01:49:03.726270,83,54,Male,Dodowa,26,Home Goods,1,344.62,344.62
txn_624,2025-06-05 10:49:03.727423,64,65,Female,Accra,7,Beauty,4,69.65,278.6
txn_625,2025-09-16 04:49:03.728332,8,59,Female,Accra,15,Home Goods,4,184.33,737.32
txn_626,2025-09-22 20:49:03.729237,36,22,Male,Kumasi,7,Beauty,1,69.65,69.65
txn_627,2025-10-08 08:49:03.730336,119,20,Female,Ho,7,Beauty,1,69.65,69.65
txn_628,2026-01-25 19:49:03.731324,124,33,Other,Ho,42,Beauty,4,231.95,927.8
txn_629,2026-01-25 17:49:03.732033,90,50,Female,Ho,12,Beauty,1,105.14,105.14
txn_630,2025-08-03 12:49:03.732537,110,67,Female,Dodowa,13,Beauty,3,395.99,1187.97
txn_631,2025-02-24 10:49:03.733029,56,22,Male,Takoradi,28,Books,1,131.09,131.09
txn_632,2025-12-26 12:49:03.733497,52,62,Male,Dodowa,24,Home Goods,4,445.57,1782.28
txn_633,2025-07-05 22:49:03.734016,38,64,Male,Accra,10,Clothing,3,336.36,1009.08
txn_634,2025-06-19 08:49:03.735033,22,37,Female,Adenta,39,Books,1,219.08,219.08
txn_635,2025-12-12 02:49:03.735842,28,42,Female,Ho,27,Home Goods,2,230.63,461.26
txn_636,2025-03-08 08:49:03.736565,124,33,Other,Ho,12,Beauty,4,105.14,420.56
txn_637,2025-11-05 22:49:03.739137,127,37,Male,Adenta,9,Home Goods,4,380.37,1521.48
txn_638,2025-08-28 07:49:03.740474,130,41,Male,Adenta,45,Books,2,320.11,640.22
txn_639,2025-12-03 11:49:03.741561,171,49,Male,Adenta,16,Electronics,1,36.6,36.6
txn_640,2025-09-22 17:49:03.742642,11,67,Male,Accra,11,Beauty,4,224.75,899.0
txn_641,2025-10-01 19:49:03.743736,107,49,Female,Ho,6,Clothing,4,488.01,1952.04
txn_642,2025-06-25 08:49:03.746177,124,33,Other,Ho,9,Home Goods,4,380.37,1521.48
txn_643,2026-01-31 10:49:03.746865,115,55,Male,Dodowa,7,Beauty,1,69.65,69.65
txn_644,2025-11-18 20:49:03.747411,51,31,Female,Kumasi,22,Electronics,2,313.81,627.62
txn_645,2025-05-07 19:49:03.748010,98,60,Male,Adenta,6,Clothing,4,488.01,1952.04
txn_646,2025-03-25 14:49:03.748541,171,49,Male,Adenta,9,Home Goods,2,380.37,760.74
txn_647,2025-05-11 19:49:03.749078,63,64,Female,Adenta,18,Clothing,2,406.03,812.06
txn_648,2025-08-22 15:49:03.749698,141,21,Male,Kumasi,36,Books,1,476.37,476.37
txn_649,2025-12-27 18:49:03.750258,30,28,Female,Kumasi,38,Books,4,470.0,1880.0
txn_650,2025-12-08 12:49:03.750819,53,37,Female,Accra,45,Books,2,320.11,640.22
txn_651,2026-01-16 02:49:03.751860,20,65,Male,Takoradi,24,Home Goods,1,445.57,445.57
txn_652,2026-02-17 18:49:03.754767,139,18,Female,Dodowa,6,Clothing,1,488.01,488.01
txn_653,2026-02-17 03:49:03.759168,80,66,Male,Accra,41,Clothing,3,393.49,1180.47
txn_654,2025-08-15 12:49:03.762871,155,26,Female,Adenta,3,Beauty,2,489.21,978.42
txn_655,2025-09-11 10:49:03.764831,102,46,Female,Adenta,40,Clothing,4,347.3,1389.2
txn_656,2025-09-24 15:49:03.766184,57,24,Female,Kumasi,7,Beauty,3,69.65,208.95000000000002
txn_657,2025-07-20 19:49:03.771984,8,59,Female,Accra,40,Clothing,1,347.3,347.3
txn_658,2025-08-13 14:49:03.774356,13,34,Male,Kumasi,6,Clothing,3,488.01,1464.03
txn_659,2025-07-08 13:49:03.779088,64,65,Female,Accra,35,Books,4,81.65,326.6
txn_660,2025-11-11 21:49:03.780099,49,31,Female,Kumasi,26,Home Goods,1,344.62,344.62
txn_661,2025-09-19 08:49:03.780941,189,35,Female,Accra,44,Books,2,137.03,274.06
txn_662,2026-01-24 09:49:03.781858,137,38,Male,Ho,34,Beauty,2,342.95,685.9
txn_663,2025-04-29 18:49:03.783059,173,45,Female,Dodowa,20,Home Goods,4,252.42,1009.68
txn_664,2025-07-30 00:49:03.784227,17,28,Male,Accra,7,Beauty,1,69.65,69.65
txn_665,2025-07-08 17:49:03.785305,163,47,Male,Accra,45,Books,3,320.11,960.33
txn_666,2026-02-06 05:49:03.786120,123,40,Female,Kumasi,3,Beauty,1,489.21,489.21
txn_667,2025-10-11 22:49:03.788637,94,44,Female,Ho,31,Books,4,29.12,116.48
txn_668,2025-03-04 10:49:03.789341,162,62,Male,Ho,10,Clothing,4,336.36,1345.44
txn_669,2026-01-07 09:49:03.789990,1,31,Female,Accra,24,Home Goods,2,445.57,891.14
txn_670,2026-01-19 12:49:03.791341,29,52,Male,Ho,45,Books,3,320.11,960.33
txn_671,2026-01-11 08:49:03.792244,64,65,Female,Accra,48,Clothing,4,201.58,806.32
txn_672,2025-10-04 01:49:03.793679,55,48,Male,Ho,39,Books,1,219.08,219.08
txn_673,2025-10-28 05:49:03.794364,140,23,Male,Accra,43,Clothing,2,430.14,860.28
txn_674,2025-06-10 22:49:03.794971,85,48,Other,Kumasi,48,Clothing,4,201.58,806.32
txn_675,2025-10-23 04:49:03.795900,102,46,Female,Adenta,21,Books,1,66.04,66.04
txn_676,2025-10-21 02:49:03.796650,75,69,Male,Dodowa,44,Books,3,137.03,411.09000000000003
txn_677,2025-10-24 23:49:03.797294,153,49,Male,Accra,30,Books,1,472.56,472.56
txn_678,2025-12-23 01:49:03.798279,82,46,Other,Adenta,4,Books,4,296.76,1187.04
txn_679,2025-06-06 09:49:03.799015,182,52,Male,Takoradi,21,Books,1,66.04,66.04
txn_680,2026-02-06 06:49:03.799684,46,30,Male,Adenta,11,Beauty,4,224.75,899.0
txn_681,2025-03-02 10:49:03.800368,74,69,Male,Adenta,22,Electronics,4,313.81,1255.24
txn_682,2025-06-17 02:49:03.801237,56,22,Male,Takoradi,6,Clothing,4,488.01,1952.04
txn_683,2025-03-09 11:49:03.803700,165,54,Female,Dodowa,22,Electronics,4,313.81,1255.24
txn_684,2025-06-25 05:49:03.804995,58,36,Male,Kumasi,34,Beauty,1,342.95,342.95
txn_685,2025-05-31 19:49:03.806007,141,21,Male,Kumasi,37,Electronics,4,475.47,1901.88
txn_686,2025-03-23 02:49:03.806711,18,68,Male,Dodowa,46,Books,1,104.3,104.3
txn_687,2025-12-03 17:49:03.807571,112,30,Female,Takoradi,7,Beauty,2,69.65,139.3
txn_688,2025-11-16 18:49:03.808352,100,31,Female,Ho,6,Clothing,1,488.01,488.01
txn_689,2025-06-08 16:49:03.808846,75,69,Male,Dodowa,24,Home Goods,2,445.57,891.14
txn_690,2025-06-13 23:49:03.809441,93,54,Female,Accra,13,Beauty,4,395.99,1583.96
txn_691,2026-01-10 20:49:03.810269,141,21,Male,Kumasi,25,Books,1,39.74,39.74
txn_692,2025-06-30 20:49:03.811025,162,62,Male,Ho,8,Clothing,2,12.31,24.62
txn_693,2025-10-25 06:49:03.811790,196,35,Male,Accra,43,Clothing,2,430.14,860.28
txn_694,2025-12-02 04:49:03.812332,16,30,Female,Ho,43,Clothing,3,430.14,1290.42
txn_695,2025-07-07 11:49:03.812974,7,31,Male,Kumasi,8,Clothing,2,12.31,24.62
txn_696,2026-01-03 21:49:03.813469,27,47,Male,Ho,12,Beauty,1,105.14,105.14
txn_697,2025-08-12 02:49:03.813917,144,59,Male,Ho,10,Clothing,4,336.36,1345.44
txn_698,2025-02-26 14:49:03.814360,195,42,Male,Kumasi,16,Electronics,1,36.6,36.6
txn_699,2025-08-23 15:49:03.814815,199,19,Male,Kumasi,36,Books,1,476.37,476.37
txn_700,2025-11-28 00:49:03.815241,75,69,Male,Dodowa,21,Books,2,66.04,132.08
txn_701,2025-04-11 08:49:03.815666,9,18,Male,Accra,19,Electronics,4,134.58,538.32
txn_702,2025-05-28 09:49:03.816092,9,18,Male,Accra,46,Books,3,104.3,312.9
txn_703,2025-10-30 04:49:03.816514,182,52,Male,Takoradi,26,Home Goods,1,344.62,344.62
txn_704,2025-04-15 01:49:03.816945,166,60,Male,Takoradi,8,Clothing,3,12.31,36.93
txn_705,2025-03-04 01:49:03.818015,132,18,Male,Takoradi,20,Home Goods,4,252.42,1009.68
txn_706,2025-06-17 00:49:03.819069,159,65,Female,Adenta,6,Clothing,3,488.01,1464.03
txn_707,2025-07-11 18:49:03.820239,40,25,Male,Adenta,46,Books,4,104.3,417.2
txn_708,2025-08-07 10:49:03.821056,134,45,Male,Dodowa,18,Clothing,2,406.03,812.06
txn_709,2025-06-23 20:49:03.821541,175,61,Male,Kumasi,34,Beauty,1,342.95,342.95
txn_710,2026-01-17 21:49:03.822074,197,48,Female,Adenta,25,Books,1,39.74,39.74
txn_711,2025-09-10 11:49:03.822761,53,37,Female,Accra,19,Electronics,2,134.58,269.16
txn_712,2025-06-15 05:49:03.823217,170,58,Male,Kumasi,49,Electronics,3,313.28,939.8399999999999
txn_713,2025-07-25 14:49:03.823651,192,20,Female,Dodowa,49,Electronics,3,313.28,939.8399999999999
txn_714,2025-04-26 04:49:03.824083,21,34,Female,Takoradi,48,Clothing,3,201.58,604.74
txn_715,2025-04-17 14:49:03.824514,96,41,Female,Dodowa,3,Beauty,3,489.21,1467.6299999999999
txn_716,2025-12-14 01:49:03.824959,11,67,Male,Accra,20,Home Goods,4,252.42,1009.68
txn_717,2025-05-26 00:49:03.825397,130,41,Male,Adenta,38,Books,4,470.0,1880.0
txn_718,2025-11-10 02:49:03.825877,21,34,Female,Takoradi,42,Beauty,4,231.95,927.8
txn_719,2025-10-27 06:49:03.826676,85,48,Other,Kumasi,42,Beauty,1,231.95,231.95
txn_720,2025-05-23 21:49:03.827464,35,56,Female,Ho,46,Books,2,104.3,208.6
txn_721,2025-12-16 19:49:03.828447,44,25,Female,Takoradi,12,Beauty,4,105.14,420.56
txn_722,2025-05-22 02:49:03.829469,73,63,Female,Dodowa,32,Books,1,412.68,412.68
txn_723,2025-03-11 07:49:03.830037,183,35,Other,Ho,11,Beauty,3,224.75,674.25
txn_724,2025-10-13 02:49:03.830778,91,69,Male,Ho,26,Home Goods,4,344.62,1378.48
txn_725,2025-05-06 09:49:03.831253,25,36,Female,Kumasi,3,Beauty,3,489.21,1467.6299999999999
txn_726,2025-07-05 08:49:03.831720,98,60,Male,Adenta,16,Electronics,4,36.6,146.4
txn_727,2025-10-18 02:49:03.832155,45,63,Female,Accra,16,Electronics,4,36.6,146.4
txn_728,2025-06-22 04:49:03.832671,123,40,Female,Kumasi,6,Clothing,2,488.01,976.02
txn_729,2025-02-24 20:49:03.833267,35,56,Female,Ho,42,Beauty,3,231.95,695.8499999999999
txn_730,2025-05-11 09:49:03.834075,93,54,Female,Accra,49,Electronics,1,313.28,313.28
txn_731,2026-01-12 00:49:03.834909,119,20,Female,Ho,3,Beauty,2,489.21,978.42
txn_732,2025-10-10 00:49:03.837026,42,57,Male,Takoradi,20,Home Goods,3,252.42,757.26
txn_733,2025-10-21 11:49:03.837792,135,25,Male,Accra,39,Books,4,219.08,876.32
txn_734,2025-05-24 18:49:03.838493,92,27,Female,Kumasi,36,Books,4,476.37,1905.48
txn_735,2026-02-05 20:49:03.839235,146,23,Male,Accra,26,Home Goods,4,344.62,1378.48
txn_736,2025-09-24 01:49:03.840074,88,51,Female,Ho,10,Clothing,1,336.36,336.36
txn_737,2025-09-15 11:49:03.840772,62,52,Male,Ho,9,Home Goods,1,380.37,380.37
txn_738,2025-08-27 07:49:03.841261,194,34,Female,Dodowa,47,Clothing,4,178.74,714.96
txn_739,2025-12-06 00:49:03.841719,86,29,Male,Adenta,31,Books,1,29.12,29.12
txn_740,2025-05-22 14:49:03.842168,79,62,Female,Dodowa,6,Clothing,4,488.01,1952.04
txn_741,2025-08-10 02:49:03.842774,114,23,Female,Takoradi,49,Electronics,4,313.28,1253.12
txn_742,2025-07-05 19:49:03.843750,154,42,Female,Accra,44,Books,2,137.03,274.06
txn_743,2025-04-07 21:49:03.844396,189,35,Female,Accra,25,Books,4,39.74,158.96
txn_744,2025-04-12 12:49:03.845471,23,53,Female,Adenta,40,Clothing,4,347.3,1389.2
txn_745,2025-11-27 00:49:03.846396,68,54,Male,Takoradi,20,Home Goods,4,252.42,1009.68
txn_746,2025-09-29 20:49:03.847127,115,55,Male,Dodowa,14,Clothing,3,276.26,828.78
txn_747,2025-09-25 19:49:03.847668,15,24,Male,Adenta,8,Clothing,3,12.31,36.93
txn_748,2025-06-14 15:49:03.848206,170,58,Male,Kumasi,10,Clothing,3,336.36,1009.08
txn_749,2025-03-22 20:49:03.848723,170,58,Male,Kumasi,41,Clothing,3,393.49,1180.47
txn_750,2025-11-15 20:49:03.849241,196,35,Male,Accra,30,Books,4,472.56,1890.24
txn_751,2025-08-08 16:49:03.849733,67,29,Female,Kumasi,2,Electronics,3,376.13,1128.3899999999999
txn_752,2025-10-02 00:49:03.850196,101,50,Male,Dodowa,22,Electronics,4,313.81,1255.24
txn_753,2025-06-23 19:49:03.851408,111,66,Male,Kumasi,19,Electronics,3,134.58,403.74
txn_754,2025-05-24 06:49:03.852301,62,52,Male,Ho,24,Home Goods,2,445.57,891.14
txn_755,2025-04-03 12:49:03.853309,25,36,Female,Kumasi,32,Books,4,412.68,1650.72
txn_756,2025-06-21 09:49:03.854578,84,41,Male,Dodowa,6,Clothing,3,488.01,1464.03
txn_757,2025-03-06 03:49:03.855438,125,62,Male,Kumasi,13,Beauty,1,395.99,395.99
txn_758,2025-12-23 19:49:03.855964,26,35,Male,Adenta,31,Books,2,29.12,58.24
txn_759,2025-10-26 16:49:03.856433,127,37,Male,Adenta,32,Books,3,412.68,1238.04
txn_760,2025-08-29 12:49:03.856924,166,60,Male,Takoradi,31,Books,4,29.12,116.48
txn_761,2026-02-11 16:49:03.857419,27,47,Male,Ho,32,Books,1,412.68,412.68
txn_762,2025-05-22 04:49:03.857973,196,35,Male,Accra,43,Clothing,4,430.14,1720.56
txn_763,2025-04-06 05:49:03.859442,123,40,Female,Kumasi,9,Home Goods,1,380.37,380.37
txn_764,2025-04-30 18:49:03.860577,38,64,Male,Accra,8,Clothing,4,12.31,49.24
txn_765,2025-08-07 05:49:03.861600,25,36,Female,Kumasi,28,Books,1,131.09,131.09
txn_766,2025-02-20 20:49:03.862160,13,34,Male,Kumasi,48,Clothing,2,201.58,403.16
txn_767,2025-10-18 11:49:03.862771,183,35,Other,Ho,4,Books,2,296.76,593.52
txn_768,2025-02-22 14:49:03.863235,185,67,Female,Adenta,46,Books,1,104.3,104.3
txn_769,2025-05-06 00:49:03.863663,184,51,Female,Dodowa,39,Books,4,219.08,876.32
txn_770,2025-11-14 06:49:03.864097,116,59,Male,Dodowa,34,Beauty,2,342.95,685.9
txn_771,2025-07-30 22:49:03.864523,101,50,Male,Dodowa,27,Home Goods,3,230.63,691.89
txn_772,2025-11-06 21:49:03.864952,164,45,Male,Ho,35,Books,1,81.65,81.65
txn_773,2026-02-13 03:49:03.865412,79,62,Female,Dodowa,42,Beauty,3,231.95,695.8499999999999
txn_774,2025-07-02 07:49:03.866306,132,18,Male,Takoradi,30,Books,3,472.56,1417.68
txn_775,2025-10-18 21:49:03.867105,4,66,Male,Takoradi,34,Beauty,3,342.95,1028.85
txn_776,2025-08-24 20:49:03.867843,58,36,Male,Kumasi,18,Clothing,3,406.03,1218.09
txn_777,2025-11-28 09:49:03.868730,67,29,Female,Kumasi,31,Books,1,29.12,29.12
txn_778,2026-02-12 16:49:03.869379,73,63,Female,Dodowa,21,Books,3,66.04,198.12
txn_779,2025-04-29 17:49:03.870710,187,54,Female,Accra,27,Home Goods,3,230.63,691.89
txn_780,2025-10-27 20:49:03.871398,115,55,Male,Dodowa,23,Electronics,2,325.14,650.28
txn_781,2025-02-26 22:49:03.871943,13,34,Male,Kumasi,34,Beauty,4,342.95,1371.8
txn_782,2026-02-06 06:49:03.872413,27,47,Male,Ho,45,Books,2,320.11,640.22
txn_783,2026-01-06 13:49:03.872953,176,63,Female,Dodowa,16,Electronics,3,36.6,109.80000000000001
txn_784,2025-11-15 20:49:03.874336,54,45,Male,Dodowa,16,Electronics,3,36.6,109.80000000000001
txn_785,2025-05-18 22:49:03.875056,76,41,Male,Dodowa,46,Books,2,104.3,208.6
txn_786,2025-03-03 05:49:03.875809,87,63,Female,Ho,49,Electronics,3,313.28,939.8399999999999
txn_787,2025-03-31 19:49:03.877056,107,49,Female,Ho,31,Books,1,29.12,29.12
txn_788,2025-08-11 18:49:03.878231,160,36,Female,Adenta,25,Books,2,39.74,79.48
txn_789,2026-01-26 21:49:03.878954,80,66,Male,Accra,38,Books,1,470.0,470.0
txn_790,2025-03-01 11:49:03.879439,46,30,Male,Adenta,38,Books,1,470.0,470.0
txn_791,2025-04-09 09:49:03.879918,133,41,Male,Adenta,38,Books,4,470.0,1880.0
txn_792,2026-02-17 05:49:03.880390,34,54,Female,Accra,14,Clothing,3,276.26,828.78
txn_793,2025-04-01 17:49:03.881261,7,31,Male,Kumasi,46,Books,1,104.3,104.3
txn_794,2025-06-10 10:49:03.882173,113,41,Female,Accra,9,Home Goods,3,380.37,1141.1100000000001
txn_795,2025-02-20 15:49:03.883032,71,36,Female,Adenta,14,Clothing,2,276.26,552.52
txn_796,2025-11-27 21:49:03.883817,126,61,Female,Accra,9,Home Goods,3,380.37,1141.1100000000001
txn_797,2025-04-02 11:49:03.884468,17,28,Male,Accra,42,Beauty,4,231.95,927.8
txn_798,2025-08-07 17:49:03.885266,145,45,Male,Kumasi,25,Books,1,39.74,39.74
txn_799,2025-10-28 14:49:03.886834,29,52,Male,Ho,26,Home Goods,4,344.62,1378.48
txn_800,2025-10-11 14:49:03.887762,62,52,Male,Ho,26,Home Goods,2,344.62,689.24
txn_801,2025-06-21 05:49:03.889053,137,38,Male,Ho,12,Beauty,2,105.14,210.28
txn_802,2026-01-24 12:49:03.889959,186,24,Male,Dodowa,29,Electronics,1,383.06,383.06
txn_803,2025-09-29 04:49:03.890707,53,37,Female,Accra,31,Books,2,29.12,58.24
txn_804,2025-08-20 10:49:03.891517,131,41,Female,Adenta,50,Beauty,1,486.67,486.67
txn_805,2025-06-09 08:49:03.892470,56,22,Male,Takoradi,36,Books,2,476.37,952.74
txn_806,2025-11-06 14:49:03.893733,7,31,Male,Kumasi,35,Books,3,81.65,244.95000000000002
txn_807,2025-06-24 13:49:03.894522,74,69,Male,Adenta,30,Books,3,472.56,1417.68
txn_808,2025-03-23 05:49:03.895131,104,50,Female,Ho,31,Books,2,29.12,58.24
txn_809,2025-06-23 04:49:03.895854,127,37,Male,Adenta,28,Books,2,131.09,262.18
txn_810,2026-01-14 06:49:03.896881,138,51,Female,Adenta,50,Beauty,1,486.67,486.67
txn_811,2025-10-20 05:49:03.897784,41,55,Female,Ho,34,Beauty,1,342.95,342.95
txn_812,2025-03-31 19:49:03.898615,166,60,Male,Takoradi,13,Beauty,2,395.99,791.98
txn_813,2025-11-16 00:49:03.899280,100,31,Female,Ho,7,Beauty,1,69.65,69.65
txn_814,2025-12-16 16:49:03.899789,180,55,Male,Kumasi,18,Clothing,1,406.03,406.03
txn_815,2025-11-24 16:49:03.900289,159,65,Female,Adenta,40,Clothing,4,347.3,1389.2
txn_816,2025-06-30 18:49:03.904876,115,55,Male,Dodowa,19,Electronics,3,134.58,403.74
txn_817,2025-07-05 22:49:03.905752,80,66,Male,Accra,45,Books,2,320.11,640.22
txn_818,2026-01-17 02:49:03.906527,190,63,Other,Ho,3,Beauty,4,489.21,1956.84
txn_819,2025-12-14 20:49:03.907467,6,59,Female,Accra,43,Clothing,3,430.14,1290.42
txn_820,2025-04-30 01:49:03.908486,50,54,Female,Ho,4,Books,3,296.76,890.28
txn_821,2025-12-15 16:49:03.909460,77,49,Male,Ho,50,Beauty,2,486.67,973.34
txn_822,2025-08-05 18:49:03.910238,182,52,Male,Takoradi,40,Clothing,1,347.3,347.3
txn_823,2025-07-30 20:49:03.911329,173,45,Female,Dodowa,4,Books,1,296.76,296.76
txn_824,2025-02-19 09:49:03.912334,137,38,Male,Ho,9,Home Goods,3,380.37,1141.1100000000001
txn_825,2025-10-24 09:49:03.913260,135,25,Male,Accra,9,Home Goods,4,380.37,1521.48
txn_826,2025-07-05 19:49:03.914062,3,31,Male,Adenta,26,Home Goods,1,344.62,344.62
txn_827,2025-08-29 02:49:03.914592,90,50,Female,Ho,13,Beauty,3,395.99,1187.97
txn_828,2025-05-01 21:49:03.915096,67,29,Female,Kumasi,21,Books,2,66.04,132.08
txn_829,2025-03-20 19:49:03.915586,128,50,Female,Adenta,9,Home Goods,1,380.37,380.37
txn_830,2025-09-10 08:49:03.916078,24,50,Male,Dodowa,42,Beauty,3,231.95,695.8499999999999
txn_831,2025-09-22 15:49:03.916567,139,18,Female,Dodowa,40,Clothing,3,347.3,1041.9
txn_832,2025-08-04 18:49:03.917064,157,44,Male,Dodowa,19,Electronics,1,134.58,134.58
txn_833,2025-11-15 02:49:03.917622,199,19,Male,Kumasi,36,Books,1,476.37,476.37
txn_834,2025-11-06 17:49:03.918670,192,20,Female,Dodowa,12,Beauty,3,105.14,315.42
txn_835,2025-06-12 11:49:03.919305,139,18,Female,Dodowa,4,Books,1,296.76,296.76
txn_836,2026-01-21 16:49:03.921049,79,62,Female,Dodowa,49,Electronics,3,313.28,939.8399999999999
txn_837,2025-03-13 00:49:03.921746,168,18,Male,Adenta,20,Home Goods,1,252.42,252.42
txn_838,2025-09-28 14:49:03.922344,145,45,Male,Kumasi,43,Clothing,4,430.14,1720.56
txn_839,2025-10-07 04:49:03.923188,107,49,Female,Ho,34,Beauty,2,342.95,685.9
txn_840,2025-10-24 10:49:03.923767,143,55,Male,Dodowa,27,Home Goods,4,230.63,922.52
txn_841,2026-01-29 08:49:03.924625,134,45,Male,Dodowa,35,Books,4,81.65,326.6
txn_842,2025-11-15 16:49:03.925221,165,54,Female,Dodowa,31,Books,1,29.12,29.12
txn_843,2025-12-20 17:49:03.926468,148,45,Female,Ho,21,Books,1,66.04,66.04
txn_844,2025-02-22 10:49:03.927155,83,54,Male,Dodowa,32,Books,2,412.68,825.36
txn_845,2025-12-16 22:49:03.928426,198,44,Male,Adenta,30,Books,2,472.56,945.12
txn_846,2025-07-13 22:49:03.929028,194,34,Female,Dodowa,17,Beauty,1,450.27,450.27
txn_847,2025-06-24 02:49:03.929922,131,41,Female,Adenta,45,Books,2,320.11,640.22
txn_848,2025-10-07 15:49:03.930827,116,59,Male,Dodowa,43,Clothing,2,430.14,860.28
txn_849,2025-09-22 13:49:03.931616,12,27,Male,Ho,37,Electronics,2,475.47,950.94
txn_850,2025-04-30 15:49:03.932444,154,42,Female,Accra,49,Electronics,4,313.28,1253.12
txn_851,2025-05-08 05:49:03.933214,33,32,Male,Accra,41,Clothing,4,393.49,1573.96
txn_852,2025-12-07 01:49:03.935364,48,64,Female,Ho,27,Home Goods,4,230.63,922.52
txn_853,2025-11-17 06:49:03.936295,114,23,Female,Takoradi,48,Clothing,4,201.58,806.32
txn_854,2025-03-09 06:49:03.936927,55,48,Male,Ho,31,Books,3,29.12,87.36
txn_855,2025-10-24 15:49:03.937492,158,59,Female,Accra,1,Beauty,3,115.98,347.94
txn_856,2025-09-20 09:49:03.938308,146,23,Male,Accra,34,Beauty,3,342.95,1028.85
txn_857,2025-04-26 15:49:03.939211,38,64,Male,Accra,46,Books,1,104.3,104.3
txn_858,2025-11-06 21:49:03.940028,138,51,Female,Adenta,27,Home Goods,3,230.63,691.89
txn_859,2025-02-19 21:49:03.940864,193,60,Female,Dodowa,20,Home Goods,4,252.42,1009.68
txn_860,2025-11-08 09:49:03.942140,14,44,Female,Dodowa,47,Clothing,3,178.74,536.22
txn_861,2025-12-26 07:49:03.943287,145,45,Male,Kumasi,27,Home Goods,1,230.63,230.63
txn_862,2026-01-07 03:49:03.944284,103,27,Male,Dodowa,41,Clothing,3,393.49,1180.47
txn_863,2025-02-18 19:49:03.945186,82,46,Other,Adenta,42,Beauty,4,231.95,927.8
txn_864,2025-02-22 06:49:03.946117,115,55,Male,Dodowa,32,Books,2,412.68,825.36
txn_865,2025-06-09 15:49:03.946830,132,18,Male,Takoradi,11,Beauty,2,224.75,449.5
txn_866,2025-09-12 22:49:03.947404,37,69,Female,Accra,37,Electronics,2,475.47,950.94
txn_867,2026-02-12 09:49:03.947939,75,69,Male,Dodowa,7,Beauty,2,69.65,139.3
txn_868,2025-07-26 08:49:03.948986,172,64,Female,Kumasi,16,Electronics,2,36.6,73.2
txn_869,2025-02-19 18:49:03.949988,7,31,Male,Kumasi,3,Beauty,3,489.21,1467.6299999999999
txn_870,2025-12-22 21:49:03.951085,83,54,Male,Dodowa,12,Beauty,1,105.14,105.14
txn_871,2026-02-12 16:49:03.952084,89,21,Male,Accra,39,Books,2,219.08,438.16
txn_872,2025-07-30 01:49:03.953021,76,41,Male,Dodowa,19,Electronics,3,134.58,403.74
txn_873,2025-05-15 14:49:03.953989,177,26,Male,Adenta,4,Books,4,296.76,1187.04
txn_874,2026-01-01 04:49:03.954587,8,59,Female,Accra,44,Books,4,137.03,548.12
txn_875,2025-11-19 21:49:03.955123,24,50,Male,Dodowa,22,Electronics,3,313.81,941.4300000000001
txn_876,2025-09-07 20:49:03.955629,89,21,Male,Accra,34,Beauty,2,342.95,685.9
txn_877,2025-08-09 07:49:03.956394,114,23,Female,Takoradi,26,Home Goods,4,344.62,1378.48
txn_878,2026-01-31 22:49:03.957232,46,30,Male,Adenta,4,Books,1,296.76,296.76
txn_879,2025-08-24 18:49:03.958097,55,48,Male,Ho,4,Books,4,296.76,1187.04
txn_880,2025-04-27 15:49:03.958847,190,63,Other,Ho,28,Books,2,131.09,262.18
txn_881,2025-12-13 19:49:03.959625,150,49,Male,Kumasi,19,Electronics,4,134.58,538.32
txn_882,2025-12-10 02:49:03.960628,56,22,Male,Takoradi,49,Electronics,1,313.28,313.28
txn_883,2025-04-22 05:49:03.961592,80,66,Male,Accra,38,Books,1,470.0,470.0
txn_884,2025-06-02 01:49:03.962495,27,47,Male,Ho,30,Books,2,472.56,945.12
txn_885,2025-06-23 18:49:03.963083,74,69,Male,Adenta,25,Books,3,39.74,119.22
txn_886,2026-02-10 07:49:03.963845,7,31,Male,Kumasi,13,Beauty,2,395.99,791.98
txn_887,2025-07-05 14:49:03.965138,1,31,Female,Accra,22,Electronics,1,313.81,313.81
txn_888,2026-01-25 22:49:03.965678,76,41,Male,Dodowa,43,Clothing,2,430.14,860.28
txn_889,2025-07-26 02:49:03.966178,39,69,Female,Adenta,13,Beauty,1,395.99,395.99
txn_890,2025-06-12 22:49:03.966669,83,54,Male,Dodowa,38,Books,2,470.0,940.0
txn_891,2025-06-03 18:49:03.967151,73,63,Female,Dodowa,21,Books,3,66.04,198.12
txn_892,2026-01-21 03:49:03.967858,47,31,Female,Takoradi,21,Books,1,66.04,66.04
txn_893,2025-03-29 19:49:03.968801,158,59,Female,Accra,42,Beauty,1,231.95,231.95
txn_894,2025-08-09 11:49:03.969658,18,68,Male,Dodowa,25,Books,3,39.74,119.22
txn_895,2025-07-28 03:49:03.970380,113,41,Female,Accra,27,Home Goods,4,230.63,922.52
txn_896,2025-03-07 11:49:03.970882,31,59,Male,Adenta,46,Books,1,104.3,104.3
txn_897,2025-04-18 02:49:03.971794,76,41,Male,Dodowa,36,Books,2,476.37,952.74
txn_898,2025-05-10 11:49:03.972805,144,59,Male,Ho,43,Clothing,3,430.14,1290.42
txn_899,2025-02-21 13:49:03.973667,36,22,Male,Kumasi,24,Home Goods,1,445.57,445.57
txn_900,2025-11-27 06:49:03.974482,58,36,Male,Kumasi,6,Clothing,1,488.01,488.01
txn_901,2025-06-06 21:49:03.975139,33,32,Male,Accra,40,Clothing,1,347.3,347.3
txn_902,2025-09-12 04:49:03.975667,154,42,Female,Accra,43,Clothing,1,430.14,430.14
txn_903,2025-07-06 00:49:03.976371,31,59,Male,Adenta,29,Electronics,3,383.06,1149.18
txn_904,2025-07-03 00:49:03.977061,36,22,Male,Kumasi,20,Home Goods,3,252.42,757.26
txn_905,2025-03-18 12:49:03.977810,138,51,Female,Adenta,20,Home Goods,1,252.42,252.42
txn_906,2026-02-13 15:49:03.978353,136,68,Male,Ho,42,Beauty,4,231.95,927.8
txn_907,2025-08-26 12:49:03.979026,176,63,Female,Dodowa,11,Beauty,3,224.75,674.25
txn_908,2025-10-16 16:49:03.979523,113,41,Female,Accra,10,Clothing,4,336.36,1345.44
txn_909,2025-03-24 10:49:03.980394,88,51,Female,Ho,35,Books,4,81.65,326.6
txn_910,2026-01-13 08:49:03.981348,40,25,Male,Adenta,11,Beauty,2,224.75,449.5
txn_911,2025-09-09 13:49:03.982011,150,49,Male,Kumasi,25,Books,2,39.74,79.48
txn_912,2026-01-07 02:49:03.982767,30,28,Female,Kumasi,14,Clothing,2,276.26,552.52
txn_913,2025-11-13 01:49:03.983471,67,29,Female,Kumasi,4,Books,3,296.76,890.28
txn_914,2026-01-17 17:49:03.984057,10,61,Female,Adenta,41,Clothing,4,393.49,1573.96
txn_915,2025-06-27 22:49:03.984725,164,45,Male,Ho,38,Books,4,470.0,1880.0
txn_916,2025-06-15 01:49:03.985274,77,49,Male,Ho,5,Clothing,2,294.39,588.78
txn_917,2025-06-30 17:49:03.985826,107,49,Female,Ho,42,Beauty,4,231.95,927.8
txn_918,2025-09-04 11:49:03.987036,148,45,Female,Ho,49,Electronics,2,313.28,626.56
txn_919,2025-05-28 02:49:03.987717,190,63,Other,Ho,28,Books,2,131.09,262.18
txn_920,2025-12-02 10:49:03.988270,166,60,Male,Takoradi,41,Clothing,2,393.49,786.98
txn_921,2025-06-01 00:49:03.988810,122,18,Male,Takoradi,27,Home Goods,1,230.63,230.63
txn_922,2025-06-28 23:49:03.989343,64,65,Female,Accra,29,Electronics,3,383.06,1149.18
txn_923,2025-03-30 04:49:03.989888,42,57,Male,Takoradi,19,Electronics,1,134.58,134.58
txn_924,2025-08-28 00:49:03.990409,142,37,Female,Dodowa,15,Home Goods,1,184.33,184.33
txn_925,2025-11-11 11:49:03.990944,167,68,Female,Kumasi,9,Home Goods,4,380.37,1521.48
txn_926,2025-03-21 03:49:03.991445,157,44,Male,Dodowa,29,Electronics,3,383.06,1149.18
txn_927,2025-06-25 01:49:03.991925,126,61,Female,Accra,26,Home Goods,1,344.62,344.62
txn_928,2026-01-11 02:49:03.992399,104,50,Female,Ho,24,Home Goods,2,445.57,891.14
txn_929,2025-09-29 23:49:03.993174,19,42,Male,Ho,44,Books,1,137.03,137.03
txn_930,2025-07-02 02:49:03.994175,37,69,Female,Accra,47,Clothing,1,178.74,178.74
txn_931,2026-02-08 21:49:03.994793,188,60,Male,Takoradi,21,Books,3,66.04,198.12
txn_932,2025-11-08 14:49:03.995273,118,32,Female,Ho,46,Books,2,104.3,208.6
txn_933,2025-07-20 13:49:03.996090,170,58,Male,Kumasi,17,Beauty,1,450.27,450.27
txn_934,2025-11-18 01:49:03.996927,39,69,Female,Adenta,20,Home Goods,1,252.42,252.42
txn_935,2025-04-25 05:49:03.997679,133,41,Male,Adenta,40,Clothing,3,347.3,1041.9
txn_936,2025-06-05 21:49:03.998487,136,68,Male,Ho,44,Books,4,137.03,548.12
txn_937,2025-10-30 11:49:03.999298,88,51,Female,Ho,41,Clothing,1,393.49,393.49
txn_938,2025-11-18 14:49:04.000050,102,46,Female,Adenta,22,Electronics,2,313.81,627.62
txn_939,2025-11-03 19:49:04.001006,184,51,Female,Dodowa,1,Beauty,3,115.98,347.94
txn_940,2025-07-14 05:49:04.002160,139,18,Female,Dodowa,37,Electronics,1,475.47,475.47
txn_941,2025-03-24 21:49:04.002995,21,34,Female,Takoradi,27,Home Goods,2,230.63,461.26
txn_942,2025-05-08 22:49:04.003805,187,54,Female,Accra,27,Home Goods,2,230.63,461.26
txn_943,2025-03-13 16:49:04.004417,117,48,Male,Kumasi,13,Beauty,1,395.99,395.99
txn_944,2025-07-22 09:49:04.004960,57,24,Female,Kumasi,37,Electronics,3,475.47,1426.41
txn_945,2026-01-13 11:49:04.005469,67,29,Female,Kumasi,30,Books,2,472.56,945.12
txn_946,2025-03-19 03:49:04.005953,86,29,Male,Adenta,16,Electronics,2,36.6,73.2
txn_947,2025-11-22 15:49:04.006434,191,24,Female,Accra,43,Clothing,1,430.14,430.14
txn_948,2025-12-09 17:49:04.006913,149,27,Female,Takoradi,28,Books,2,131.09,262.18
txn_949,2025-06-07 16:49:04.007387,191,24,Female,Accra,24,Home Goods,3,445.57,1336.71
txn_950,2025-05-30 03:49:04.007861,44,25,Female,Takoradi,42,Beauty,2,231.95,463.9
txn_951,2025-10-15 06:49:04.008333,197,48,Female,Adenta,41,Clothing,2,393.49,786.98
txn_952,2025-11-07 18:49:04.008959,8,59,Female,Accra,40,Clothing,1,347.3,347.3
txn_953,2025-07-06 20:49:04.009717,3,31,Male,Adenta,23,Electronics,2,325.14,650.28
txn_954,2025-03-19 11:49:04.010538,101,50,Male,Dodowa,36,Books,3,476.37,1429.1100000000001
txn_955,2025-03-30 19:49:04.012168,30,28,Female,Kumasi,32,Books,2,412.68,825.36
txn_956,2025-07-30 11:49:04.013171,64,65,Female,Accra,10,Clothing,1,336.36,336.36
txn_957,2025-08-30 13:49:04.014077,131,41,Female,Adenta,33,Electronics,4,149.6,598.4
txn_958,2025-08-09 02:49:04.014686,89,21,Male,Accra,32,Books,4,412.68,1650.72
txn_959,2026-01-19 19:49:04.015268,71,36,Female,Adenta,17,Beauty,3,450.27,1350.81
txn_960,2025-05-30 18:49:04.015766,144,59,Male,Ho,3,Beauty,4,489.21,1956.84
txn_961,2025-09-27 05:49:04.016549,52,62,Male,Dodowa,15,Home Goods,1,184.33,184.33
txn_962,2025-10-28 13:49:04.017336,136,68,Male,Ho,43,Clothing,3,430.14,1290.42
txn_963,2025-09-10 18:49:04.017993,98,60,Male,Adenta,12,Beauty,4,105.14,420.56
txn_964,2025-11-22 15:49:04.018661,165,54,Female,Dodowa,15,Home Goods,3,184.33,552.99
txn_965,2026-02-09 04:49:04.019227,124,33,Other,Ho,17,Beauty,2,450.27,900.54
txn_966,2025-10-09 07:49:04.019698,106,41,Male,Dodowa,2,Electronics,3,376.13,1128.3899999999999
txn_967,2025-02-23 09:49:04.020146,32,50,Female,Dodowa,17,Beauty,3,450.27,1350.81
txn_968,2026-01-31 18:49:04.020574,40,25,Male,Adenta,12,Beauty,3,105.14,315.42
txn_969,2025-02-22 01:49:04.021096,116,59,Male,Dodowa,1,Beauty,3,115.98,347.94
txn_970,2025-07-03 01:49:04.021523,114,23,Female,Takoradi,10,Clothing,3,336.36,1009.08
txn_971,2025-03-22 00:49:04.021949,53,37,Female,Accra,26,Home Goods,4,344.62,1378.48
txn_972,2026-02-05 12:49:04.022373,31,59,Male,Adenta,7,Beauty,3,69.65,208.95000000000002
txn_973,2025-08-17 15:49:04.022799,42,57,Male,Takoradi,16,Electronics,2,36.6,73.2
txn_974,2025-09-29 13:49:04.023229,74,69,Male,Adenta,20,Home Goods,1,252.42,252.42
txn_975,2025-12-05 22:49:04.023753,121,47,Female,Ho,22,Electronics,4,313.81,1255.24
txn_976,2025-05-18 11:49:04.024322,101,50,Male,Dodowa,30,Books,3,472.56,1417.68
txn_977,2025-03-11 15:49:04.024766,53,37,Female,Accra,48,Clothing,1,201.58,201.58
txn_978,2025-04-21 11:49:04.025199,72,37,Male,Accra,30,Books,2,472.56,945.12
txn_979,2025-09-19 18:49:04.025631,37,69,Female,Accra,2,Electronics,2,376.13,752.26
txn_980,2025-02-26 02:49:04.026246,170,58,Male,Kumasi,14,Clothing,1,276.26,276.26
txn_981,2025-07-31 11:49:04.028393,146,23,Male,Accra,47,Clothing,1,178.74,178.74
txn_982,2025-06-21 23:49:04.029637,10,61,Female,Adenta,35,Books,4,81.65,326.6
txn_983,2025-02-20 12:49:04.030775,81,42,Female,Dodowa,15,Home Goods,3,184.33,552.99
txn_984,2025-06-29 08:49:04.031311,47,31,Female,Takoradi,33,Electronics,4,149.6,598.4
txn_985,2025-04-08 16:49:04.032068,168,18,Male,Adenta,9,Home Goods,1,380.37,380.37
txn_986,2026-02-16 21:49:04.032604,46,30,Male,Adenta,37,Electronics,1,475.47,475.47
txn_987,2025-06-08 04:49:04.033042,139,18,Female,Dodowa,44,Books,2,137.03,274.06
txn_988,2026-01-25 19:49:04.033472,88,51,Female,Ho,7,Beauty,3,69.65,208.95000000000002
txn_989,2025-05-26 03:49:04.033919,24,50,Male,Dodowa,12,Beauty,2,105.14,210.28
txn_990,2026-01-21 08:49:04.034540,86,29,Male,Adenta,22,Electronics,1,313.81,313.81
txn_991,2025-12-17 22:49:04.035343,19,42,Male,Ho,33,Electronics,1,149.6,149.6
txn_992,2025-03-24 14:49:04.036039,7,31,Male,Kumasi,41,Clothing,3,393.49,1180.47
txn_993,2026-01-03 03:49:04.036530,18,68,Male,Dodowa,23,Electronics,3,325.14,975.42
txn_994,2025-07-28 21:49:04.037003,85,48,Other,Kumasi,30,Books,4,472.56,1890.24
txn_995,2025-10-24 07:49:04.037469,75,69,Male,Dodowa,23,Electronics,2,325.14,650.28
txn_996,2025-05-20 18:49:04.037931,112,30,Female,Takoradi,8,Clothing,2,12.31,24.62
txn_997,2025-03-15 23:49:04.038390,12,27,Male,Ho,9,Home Goods,4,380.37,1521.48
txn_998,2026-01-14 22:49:04.038917,102,46,Female,Adenta,32,Books,2,412.68,825.36
txn_999,2025-04-04 08:49:04.039545,10,61,Female,Adenta,15,Home Goods,1,184.33,184.33
txn_1000,2025-03-22 09:49:04.040102,97,62,Male,Accra,27,Home Goods,4,230.63,922.52
